exercise_slug,muscle
90_90_Hamstring,calves
Ab_Roller,shoulders
Advanced_Kettlebell_Windmill,glutes
Advanced_Kettlebell_Windmill,hamstrings
Advanced_Kettlebell_Windmill,shoulders
All_Fours_Quad_Stretch,quadriceps
Alternate_Hammer_Curl,forearms
Alternate_Incline_Dumbbell_Curl,forearms
Alternate_Leg_Diagonal_Bound,abductors
Alternate_Leg_Diagonal_Bound,adductors
Alternate_Leg_Diagonal_Bound,calves
Alternate_Leg_Diagonal_Bound,glutes
Alternate_Leg_Diagonal_Bound,hamstrings
Alternating_Cable_Shoulder_Press,triceps
Alternating_Floor_Press,abdominals
Alternating_Floor_Press,shoulders
Alternating_Floor_Press,triceps
Alternating_Hang_Clean,biceps
Alternating_Hang_Clean,calves
Alternating_Hang_Clean,forearms
Alternating_Hang_Clean,glutes
Alternating_Hang_Clean,lower back
Alternating_Hang_Clean,traps
Alternating_Kettlebell_Press,triceps
Alternating_Kettlebell_Row,biceps
Alternating_Kettlebell_Row,lats
Alternating_Renegade_Row,abdominals
Alternating_Renegade_Row,biceps
Alternating_Renegade_Row,chest
Alternating_Renegade_Row,lats
Alternating_Renegade_Row,triceps
Anti-Gravity_Press,middle back
Anti-Gravity_Press,traps
Anti-Gravity_Press,triceps
Arm_Circles,traps
Arnold_Dumbbell_Press,triceps
Around_The_Worlds,shoulders
Atlas_Stone_Trainer,biceps
Atlas_Stone_Trainer,forearms
Atlas_Stone_Trainer,glutes
Atlas_Stone_Trainer,hamstrings
Atlas_Stone_Trainer,quadriceps
Atlas_Stones,abdominals
Atlas_Stones,adductors
Atlas_Stones,biceps
Atlas_Stones,calves
Atlas_Stones,forearms
Atlas_Stones,glutes
Atlas_Stones,hamstrings
Atlas_Stones,middle back
Atlas_Stones,quadriceps
Atlas_Stones,traps
Axle_Deadlift,forearms
Axle_Deadlift,glutes
Axle_Deadlift,hamstrings
Axle_Deadlift,middle back
Axle_Deadlift,quadriceps
Axle_Deadlift,traps
Back_Flyes_-_With_Bands,middle back
Back_Flyes_-_With_Bands,triceps
Backward_Drag,calves
Backward_Drag,forearms
Backward_Drag,glutes
Backward_Drag,hamstrings
Backward_Drag,lower back
Balance_Board,hamstrings
Balance_Board,quadriceps
Ball_Leg_Curl,calves
Ball_Leg_Curl,glutes
Band_Assisted_Pull-Up,abdominals
Band_Assisted_Pull-Up,forearms
Band_Assisted_Pull-Up,middle back
Band_Good_Morning,glutes
Band_Good_Morning,lower back
Band_Good_Morning_Pull_Through,glutes
Band_Good_Morning_Pull_Through,lower back
Band_Pull_Apart,middle back
Band_Pull_Apart,traps
Barbell_Ab_Rollout,lower back
Barbell_Ab_Rollout,shoulders
Barbell_Ab_Rollout_-_On_Knees,lower back
Barbell_Ab_Rollout_-_On_Knees,shoulders
Barbell_Bench_Press_-_Medium_Grip,shoulders
Barbell_Bench_Press_-_Medium_Grip,triceps
Barbell_Curl,forearms
Barbell_Deadlift,calves
Barbell_Deadlift,forearms
Barbell_Deadlift,glutes
Barbell_Deadlift,hamstrings
Barbell_Deadlift,lats
Barbell_Deadlift,middle back
Barbell_Deadlift,quadriceps
Barbell_Deadlift,traps
Barbell_Full_Squat,calves
Barbell_Full_Squat,glutes
Barbell_Full_Squat,hamstrings
Barbell_Full_Squat,lower back
Barbell_Glute_Bridge,calves
Barbell_Glute_Bridge,hamstrings
Barbell_Guillotine_Bench_Press,shoulders
Barbell_Guillotine_Bench_Press,triceps
Barbell_Hack_Squat,calves
Barbell_Hack_Squat,forearms
Barbell_Hack_Squat,hamstrings
Barbell_Hip_Thrust,calves
Barbell_Hip_Thrust,hamstrings
Barbell_Incline_Bench_Press_-_Medium_Grip,shoulders
Barbell_Incline_Bench_Press_-_Medium_Grip,triceps
Barbell_Incline_Shoulder_Raise,chest
Barbell_Lunge,calves
Barbell_Lunge,glutes
Barbell_Lunge,hamstrings
Barbell_Rear_Delt_Row,biceps
Barbell_Rear_Delt_Row,lats
Barbell_Rear_Delt_Row,middle back
Barbell_Rollout_from_Bench,glutes
Barbell_Rollout_from_Bench,hamstrings
Barbell_Rollout_from_Bench,lats
Barbell_Rollout_from_Bench,shoulders
Barbell_Shoulder_Press,chest
Barbell_Shoulder_Press,triceps
Barbell_Shrug_Behind_The_Back,forearms
Barbell_Shrug_Behind_The_Back,middle back
Barbell_Side_Bend,lower back
Barbell_Side_Split_Squat,calves
Barbell_Side_Split_Squat,hamstrings
Barbell_Side_Split_Squat,lower back
Barbell_Squat,calves
Barbell_Squat,glutes
Barbell_Squat,hamstrings
Barbell_Squat,lower back
Barbell_Squat_To_A_Bench,calves
Barbell_Squat_To_A_Bench,glutes
Barbell_Squat_To_A_Bench,hamstrings
Barbell_Squat_To_A_Bench,lower back
Barbell_Step_Ups,calves
Barbell_Step_Ups,glutes
Barbell_Step_Ups,hamstrings
Barbell_Step_Ups,quadriceps
Barbell_Walking_Lunge,calves
Barbell_Walking_Lunge,glutes
Barbell_Walking_Lunge,hamstrings
Battling_Ropes,chest
Battling_Ropes,forearms
Bear_Crawl_Sled_Drags,calves
Bear_Crawl_Sled_Drags,glutes
Bear_Crawl_Sled_Drags,hamstrings
Behind_Head_Chest_Stretch,shoulders
Bench_Dips,chest
Bench_Dips,shoulders
Bench_Jump,calves
Bench_Jump,glutes
Bench_Jump,hamstrings
Bench_Press_-_Powerlifting,chest
Bench_Press_-_Powerlifting,forearms
Bench_Press_-_Powerlifting,lats
Bench_Press_-_Powerlifting,shoulders
Bench_Press_-_With_Bands,shoulders
Bench_Press_-_With_Bands,triceps
Bench_Press_with_Chains,chest
Bench_Press_with_Chains,lats
Bench_Press_with_Chains,shoulders
Bench_Sprint,calves
Bench_Sprint,glutes
Bench_Sprint,hamstrings
Bent-Arm_Barbell_Pullover,chest
Bent-Arm_Barbell_Pullover,lats
Bent-Arm_Barbell_Pullover,shoulders
Bent-Arm_Barbell_Pullover,triceps
Bent-Arm_Dumbbell_Pullover,lats
Bent-Arm_Dumbbell_Pullover,shoulders
Bent-Arm_Dumbbell_Pullover,triceps
Bent_Over_Barbell_Row,biceps
Bent_Over_Barbell_Row,lats
Bent_Over_Barbell_Row,shoulders
Bent_Over_Low-Pulley_Side_Lateral,lower back
Bent_Over_Low-Pulley_Side_Lateral,middle back
Bent_Over_Low-Pulley_Side_Lateral,traps
Bent_Over_One-Arm_Long_Bar_Row,biceps
Bent_Over_One-Arm_Long_Bar_Row,lats
Bent_Over_One-Arm_Long_Bar_Row,lower back
Bent_Over_One-Arm_Long_Bar_Row,traps
Bent_Over_Two-Arm_Long_Bar_Row,biceps
Bent_Over_Two-Arm_Long_Bar_Row,lats
Bent_Over_Two-Dumbbell_Row,biceps
Bent_Over_Two-Dumbbell_Row,lats
Bent_Over_Two-Dumbbell_Row,shoulders
Bent_Over_Two-Dumbbell_Row_With_Palms_In,biceps
Bent_Over_Two-Dumbbell_Row_With_Palms_In,lats
Bent_Press,glutes
Bent_Press,hamstrings
Bent_Press,lower back
Bent_Press,quadriceps
Bent_Press,shoulders
Bent_Press,triceps
Bicycling,calves
Bicycling,glutes
Bicycling,hamstrings
Bicycling_Stationary,calves
Bicycling_Stationary,glutes
Bicycling_Stationary,hamstrings
Board_Press,chest
Board_Press,forearms
Board_Press,lats
Board_Press,shoulders
Body-Up,abdominals
Body-Up,forearms
Bodyweight_Flyes,abdominals
Bodyweight_Flyes,shoulders
Bodyweight_Flyes,triceps
Bodyweight_Mid_Row,biceps
Bodyweight_Mid_Row,lats
Bodyweight_Squat,glutes
Bodyweight_Squat,hamstrings
Bodyweight_Walking_Lunge,calves
Bodyweight_Walking_Lunge,glutes
Bodyweight_Walking_Lunge,hamstrings
Bottoms-Up_Clean_From_The_Hang_Position,biceps
Bottoms-Up_Clean_From_The_Hang_Position,shoulders
Box_Jump_Multiple_Response,abductors
Box_Jump_Multiple_Response,adductors
Box_Jump_Multiple_Response,calves
Box_Jump_Multiple_Response,glutes
Box_Jump_Multiple_Response,quadriceps
Box_Skip,abductors
Box_Skip,adductors
Box_Skip,calves
Box_Skip,glutes
Box_Skip,quadriceps
Box_Squat,adductors
Box_Squat,calves
Box_Squat,glutes
Box_Squat,hamstrings
Box_Squat,lower back
Box_Squat_with_Bands,abductors
Box_Squat_with_Bands,adductors
Box_Squat_with_Bands,calves
Box_Squat_with_Bands,glutes
Box_Squat_with_Bands,hamstrings
Box_Squat_with_Bands,lower back
Box_Squat_with_Chains,abductors
Box_Squat_with_Chains,adductors
Box_Squat_with_Chains,calves
Box_Squat_with_Chains,glutes
Box_Squat_with_Chains,hamstrings
Box_Squat_with_Chains,lower back
Bradford_Rocky_Presses,triceps
Butt_Lift_Bridge,hamstrings
Cable_Chest_Press,shoulders
Cable_Chest_Press,triceps
Cable_Crossover,shoulders
Cable_Deadlifts,forearms
Cable_Deadlifts,glutes
Cable_Deadlifts,hamstrings
Cable_Deadlifts,lower back
Cable_Preacher_Curl,forearms
Cable_Rope_Rear-Delt_Rows,biceps
Cable_Rope_Rear-Delt_Rows,middle back
Cable_Seated_Lateral_Raise,middle back
Cable_Seated_Lateral_Raise,traps
Cable_Shoulder_Press,triceps
Car_Deadlift,forearms
Car_Deadlift,glutes
Car_Deadlift,hamstrings
Car_Deadlift,lower back
Car_Deadlift,traps
Car_Drivers,forearms
Carioca_Quick_Step,abdominals
Carioca_Quick_Step,abductors
Carioca_Quick_Step,calves
Carioca_Quick_Step,glutes
Carioca_Quick_Step,hamstrings
Carioca_Quick_Step,quadriceps
Cat_Stretch,middle back
Cat_Stretch,traps
Catch_and_Overhead_Throw,abdominals
Catch_and_Overhead_Throw,chest
Catch_and_Overhead_Throw,shoulders
Chain_Press,shoulders
Chain_Press,triceps
Chair_Leg_Extended_Stretch,adductors
Chair_Lower_Back_Stretch,lower back
Chair_Squat,calves
Chair_Squat,glutes
Chair_Squat,hamstrings
Chair_Upper_Body_Stretch,biceps
Chair_Upper_Body_Stretch,chest
Chest_And_Front_Of_Shoulder_Stretch,shoulders
Chest_Push_from_3_point_stance,abdominals
Chest_Push_from_3_point_stance,shoulders
Chest_Push_from_3_point_stance,triceps
Chest_Push_multiple_response,abdominals
Chest_Push_multiple_response,shoulders
Chest_Push_multiple_response,triceps
Chest_Push_single_response,abdominals
Chest_Push_single_response,shoulders
Chest_Push_single_response,triceps
Chest_Push_with_Run_Release,abdominals
Chest_Push_with_Run_Release,shoulders
Chest_Push_with_Run_Release,triceps
Childs_Pose,glutes
Childs_Pose,middle back
Chin-Up,biceps
Chin-Up,forearms
Chin-Up,middle back
Chin_To_Chest_Stretch,traps
Circus_Bell,forearms
Circus_Bell,glutes
Circus_Bell,hamstrings
Circus_Bell,lower back
Circus_Bell,traps
Circus_Bell,triceps
Clean,calves
Clean,forearms
Clean,glutes
Clean,lower back
Clean,quadriceps
Clean,shoulders
Clean,traps
Clean_Deadlift,forearms
Clean_Deadlift,glutes
Clean_Deadlift,lower back
Clean_Deadlift,middle back
Clean_Deadlift,quadriceps
Clean_Deadlift,traps
Clean_Pull,forearms
Clean_Pull,glutes
Clean_Pull,hamstrings
Clean_Pull,lower back
Clean_Pull,traps
Clean_Shrug,forearms
Clean_Shrug,shoulders
Clean_and_Jerk,abdominals
Clean_and_Jerk,glutes
Clean_and_Jerk,hamstrings
Clean_and_Jerk,lower back
Clean_and_Jerk,quadriceps
Clean_and_Jerk,traps
Clean_and_Jerk,triceps
Clean_and_Press,abdominals
Clean_and_Press,calves
Clean_and_Press,glutes
Clean_and_Press,hamstrings
Clean_and_Press,lower back
Clean_and_Press,middle back
Clean_and_Press,quadriceps
Clean_and_Press,shoulders
Clean_and_Press,traps
Clean_and_Press,triceps
Clean_from_Blocks,calves
Clean_from_Blocks,glutes
Clean_from_Blocks,hamstrings
Clean_from_Blocks,shoulders
Clean_from_Blocks,traps
Clock_Push-Up,shoulders
Clock_Push-Up,triceps
Close-Grip_Barbell_Bench_Press,chest
Close-Grip_Barbell_Bench_Press,shoulders
Close-Grip_Dumbbell_Press,chest
Close-Grip_Dumbbell_Press,shoulders
Close-Grip_EZ-Bar_Curl_with_Band,forearms
Close-Grip_EZ-Bar_Press,chest
Close-Grip_EZ-Bar_Press,shoulders
Close-Grip_EZ_Bar_Curl,forearms
Close-Grip_Front_Lat_Pulldown,biceps
Close-Grip_Front_Lat_Pulldown,middle back
Close-Grip_Front_Lat_Pulldown,shoulders
Close-Grip_Push-Up_off_of_a_Dumbbell,abdominals
Close-Grip_Push-Up_off_of_a_Dumbbell,chest
Close-Grip_Push-Up_off_of_a_Dumbbell,shoulders
Close-Grip_Standing_Barbell_Curl,forearms
Conans_Wheel,abdominals
Conans_Wheel,biceps
Conans_Wheel,calves
Conans_Wheel,forearms
Conans_Wheel,lower back
Conans_Wheel,shoulders
Conans_Wheel,traps
Concentration_Curls,forearms
Cross_Body_Hammer_Curl,forearms
Cross_Over_-_With_Bands,biceps
Cross_Over_-_With_Bands,shoulders
Crossover_Reverse_Lunge,abdominals
Crossover_Reverse_Lunge,abductors
Crossover_Reverse_Lunge,glutes
Crossover_Reverse_Lunge,hamstrings
Crossover_Reverse_Lunge,quadriceps
Crucifix,forearms
Cuban_Press,traps
Dancers_Stretch,abductors
Dancers_Stretch,glutes
Deadlift_with_Bands,forearms
Deadlift_with_Bands,glutes
Deadlift_with_Bands,hamstrings
Deadlift_with_Bands,middle back
Deadlift_with_Bands,quadriceps
Deadlift_with_Bands,traps
Deadlift_with_Chains,forearms
Deadlift_with_Chains,glutes
Deadlift_with_Chains,hamstrings
Deadlift_with_Chains,middle back
Deadlift_with_Chains,quadriceps
Deadlift_with_Chains,traps
Decline_Barbell_Bench_Press,shoulders
Decline_Barbell_Bench_Press,triceps
Decline_Close-Grip_Bench_To_Skull_Crusher,chest
Decline_Close-Grip_Bench_To_Skull_Crusher,shoulders
Decline_Dumbbell_Bench_Press,shoulders
Decline_Dumbbell_Bench_Press,triceps
Decline_Push-Up,shoulders
Decline_Push-Up,triceps
Decline_Smith_Press,shoulders
Decline_Smith_Press,triceps
Deficit_Deadlift,forearms
Deficit_Deadlift,glutes
Deficit_Deadlift,hamstrings
Deficit_Deadlift,middle back
Deficit_Deadlift,quadriceps
Deficit_Deadlift,traps
Depth_Jump_Leap,abductors
Depth_Jump_Leap,adductors
Depth_Jump_Leap,calves
Depth_Jump_Leap,glutes
Depth_Jump_Leap,hamstrings
Dip_Machine,chest
Dip_Machine,shoulders
Dips_-_Chest_Version,shoulders
Dips_-_Chest_Version,triceps
Dips_-_Triceps_Version,chest
Dips_-_Triceps_Version,shoulders
Double_Kettlebell_Alternating_Hang_Clean,biceps
Double_Kettlebell_Alternating_Hang_Clean,calves
Double_Kettlebell_Alternating_Hang_Clean,forearms
Double_Kettlebell_Alternating_Hang_Clean,glutes
Double_Kettlebell_Alternating_Hang_Clean,lower back
Double_Kettlebell_Alternating_Hang_Clean,quadriceps
Double_Kettlebell_Alternating_Hang_Clean,traps
Double_Kettlebell_Jerk,calves
Double_Kettlebell_Jerk,quadriceps
Double_Kettlebell_Jerk,triceps
Double_Kettlebell_Push_Press,calves
Double_Kettlebell_Push_Press,quadriceps
Double_Kettlebell_Push_Press,triceps
Double_Kettlebell_Snatch,glutes
Double_Kettlebell_Snatch,hamstrings
Double_Kettlebell_Snatch,quadriceps
Double_Kettlebell_Windmill,glutes
Double_Kettlebell_Windmill,hamstrings
Double_Kettlebell_Windmill,shoulders
Double_Kettlebell_Windmill,triceps
Double_Leg_Butt_Kick,abductors
Double_Leg_Butt_Kick,adductors
Double_Leg_Butt_Kick,calves
Double_Leg_Butt_Kick,glutes
Double_Leg_Butt_Kick,hamstrings
Downward_Facing_Balance,abdominals
Downward_Facing_Balance,hamstrings
Drag_Curl,forearms
Drop_Push,shoulders
Drop_Push,triceps
Dumbbell_Alternate_Bicep_Curl,forearms
Dumbbell_Bench_Press,shoulders
Dumbbell_Bench_Press,triceps
Dumbbell_Bench_Press_with_Neutral_Grip,shoulders
Dumbbell_Bench_Press_with_Neutral_Grip,triceps
Dumbbell_Bicep_Curl,forearms
Dumbbell_Clean,calves
Dumbbell_Clean,forearms
Dumbbell_Clean,glutes
Dumbbell_Clean,lower back
Dumbbell_Clean,quadriceps
Dumbbell_Clean,shoulders
Dumbbell_Clean,traps
Dumbbell_Floor_Press,chest
Dumbbell_Floor_Press,shoulders
Dumbbell_Incline_Row,biceps
Dumbbell_Incline_Row,forearms
Dumbbell_Incline_Row,lats
Dumbbell_Incline_Row,shoulders
Dumbbell_Incline_Shoulder_Raise,triceps
Dumbbell_Lunges,calves
Dumbbell_Lunges,glutes
Dumbbell_Lunges,hamstrings
Dumbbell_Lying_One-Arm_Rear_Lateral_Raise,middle back
Dumbbell_One-Arm_Shoulder_Press,triceps
Dumbbell_One-Arm_Upright_Row,biceps
Dumbbell_One-Arm_Upright_Row,traps
Dumbbell_Raise,biceps
Dumbbell_Rear_Lunge,calves
Dumbbell_Rear_Lunge,glutes
Dumbbell_Rear_Lunge,hamstrings
Dumbbell_Scaption,traps
Dumbbell_Seated_Box_Jump,calves
Dumbbell_Seated_Box_Jump,glutes
Dumbbell_Seated_Box_Jump,hamstrings
Dumbbell_Shoulder_Press,triceps
Dumbbell_Squat,calves
Dumbbell_Squat,glutes
Dumbbell_Squat,hamstrings
Dumbbell_Squat,lower back
Dumbbell_Squat_To_A_Bench,calves
Dumbbell_Squat_To_A_Bench,glutes
Dumbbell_Squat_To_A_Bench,hamstrings
Dumbbell_Squat_To_A_Bench,lower back
Dumbbell_Step_Ups,calves
Dumbbell_Step_Ups,glutes
Dumbbell_Step_Ups,hamstrings
Dynamic_Chest_Stretch,middle back
EZ-Bar_Skullcrusher,forearms
Elbow_Circles,traps
Elbows_Back,shoulders
Elevated_Back_Lunge,glutes
Elevated_Back_Lunge,hamstrings
Elevated_Cable_Rows,middle back
Elevated_Cable_Rows,traps
Elliptical_Trainer,calves
Elliptical_Trainer,glutes
Elliptical_Trainer,hamstrings
Extended_Range_One-Arm_Kettlebell_Floor_Press,shoulders
Extended_Range_One-Arm_Kettlebell_Floor_Press,triceps
Face_Pull,middle back
Farmers_Walk,abdominals
Farmers_Walk,glutes
Farmers_Walk,hamstrings
Farmers_Walk,lower back
Farmers_Walk,quadriceps
Farmers_Walk,traps
Fast_Skipping,abductors
Fast_Skipping,adductors
Fast_Skipping,calves
Fast_Skipping,glutes
Fast_Skipping,hamstrings
Floor_Glute-Ham_Raise,calves
Floor_Glute-Ham_Raise,glutes
Floor_Press,chest
Floor_Press,shoulders
Floor_Press_with_Chains,chest
Floor_Press_with_Chains,shoulders
Flutter_Kicks,hamstrings
Forward_Drag_with_Press,calves
Forward_Drag_with_Press,glutes
Forward_Drag_with_Press,hamstrings
Forward_Drag_with_Press,quadriceps
Forward_Drag_with_Press,shoulders
Forward_Drag_with_Press,triceps
Frankenstein_Squat,abdominals
Frankenstein_Squat,calves
Frankenstein_Squat,glutes
Frankenstein_Squat,hamstrings
Freehand_Jump_Squat,calves
Freehand_Jump_Squat,glutes
Freehand_Jump_Squat,hamstrings
Frog_Hops,calves
Frog_Hops,glutes
Frog_Hops,hamstrings
Front_Barbell_Squat,calves
Front_Barbell_Squat,glutes
Front_Barbell_Squat,hamstrings
Front_Barbell_Squat_To_A_Bench,calves
Front_Barbell_Squat_To_A_Bench,glutes
Front_Barbell_Squat_To_A_Bench,hamstrings
Front_Box_Jump,abductors
Front_Box_Jump,adductors
Front_Box_Jump,calves
Front_Box_Jump,glutes
Front_Box_Jump,quadriceps
Front_Cone_Hops_or_hurdle_hops,abductors
Front_Cone_Hops_or_hurdle_hops,adductors
Front_Cone_Hops_or_hurdle_hops,calves
Front_Cone_Hops_or_hurdle_hops,glutes
Front_Cone_Hops_or_hurdle_hops,hamstrings
Front_Raise_And_Pullover,lats
Front_Raise_And_Pullover,shoulders
Front_Raise_And_Pullover,triceps
Front_Squat_Clean_Grip,abdominals
Front_Squat_Clean_Grip,glutes
Front_Squat_Clean_Grip,hamstrings
Front_Squats_With_Two_Kettlebells,calves
Front_Squats_With_Two_Kettlebells,glutes
Full_Range-Of-Motion_Lat_Pulldown,biceps
Full_Range-Of-Motion_Lat_Pulldown,middle back
Full_Range-Of-Motion_Lat_Pulldown,shoulders
Gironda_Sternum_Chins,biceps
Gironda_Sternum_Chins,middle back
Glute_Ham_Raise,calves
Glute_Ham_Raise,glutes
Glute_Kickback,hamstrings
Goblet_Squat,calves
Goblet_Squat,glutes
Goblet_Squat,hamstrings
Goblet_Squat,shoulders
Good_Morning,abdominals
Good_Morning,glutes
Good_Morning,lower back
Good_Morning_off_Pins,abdominals
Good_Morning_off_Pins,glutes
Good_Morning_off_Pins,lower back
Gorilla_Chin_Crunch,biceps
Gorilla_Chin_Crunch,lats
Hack_Squat,calves
Hack_Squat,glutes
Hack_Squat,hamstrings
Hammer_Grip_Incline_DB_Bench_Press,shoulders
Hammer_Grip_Incline_DB_Bench_Press,triceps
Handstand_Push-Ups,triceps
Hang_Clean,calves
Hang_Clean,forearms
Hang_Clean,glutes
Hang_Clean,hamstrings
Hang_Clean,lower back
Hang_Clean,shoulders
Hang_Clean,traps
Hang_Clean_-_Below_the_Knees,calves
Hang_Clean_-_Below_the_Knees,forearms
Hang_Clean_-_Below_the_Knees,glutes
Hang_Clean_-_Below_the_Knees,hamstrings
Hang_Clean_-_Below_the_Knees,lower back
Hang_Clean_-_Below_the_Knees,shoulders
Hang_Clean_-_Below_the_Knees,traps
Hang_Snatch,abdominals
Hang_Snatch,calves
Hang_Snatch,forearms
Hang_Snatch,glutes
Hang_Snatch,lower back
Hang_Snatch,quadriceps
Hang_Snatch,shoulders
Hang_Snatch,traps
Hang_Snatch_-_Below_Knees,abdominals
Hang_Snatch_-_Below_Knees,calves
Hang_Snatch_-_Below_Knees,forearms
Hang_Snatch_-_Below_Knees,glutes
Hang_Snatch_-_Below_Knees,lower back
Hang_Snatch_-_Below_Knees,quadriceps
Hang_Snatch_-_Below_Knees,shoulders
Hang_Snatch_-_Below_Knees,traps
Hanging_Bar_Good_Morning,abdominals
Hanging_Bar_Good_Morning,glutes
Hanging_Bar_Good_Morning,lower back
Heaving_Snatch_Balance,abdominals
Heaving_Snatch_Balance,forearms
Heaving_Snatch_Balance,glutes
Heaving_Snatch_Balance,hamstrings
Heaving_Snatch_Balance,shoulders
Heaving_Snatch_Balance,triceps
Heavy_Bag_Thrust,abdominals
Heavy_Bag_Thrust,shoulders
Heavy_Bag_Thrust,triceps
Hip_Circles_prone,adductors
Hip_Extension_with_Bands,hamstrings
Hip_Lift_with_Band,calves
Hip_Lift_with_Band,hamstrings
Hug_A_Ball,calves
Hug_A_Ball,glutes
Hug_Knees_To_Chest,glutes
Hurdle_Hops,abductors
Hurdle_Hops,adductors
Hurdle_Hops,calves
Hurdle_Hops,glutes
Hurdle_Hops,hamstrings
Hyperextensions_Back_Extensions,glutes
Hyperextensions_Back_Extensions,hamstrings
Hyperextensions_With_No_Hyperextension_Bench,glutes
Hyperextensions_With_No_Hyperextension_Bench,hamstrings
Incline_Barbell_Triceps_Extension,forearms
Incline_Bench_Pull,lats
Incline_Bench_Pull,shoulders
Incline_Cable_Chest_Press,shoulders
Incline_Cable_Chest_Press,triceps
Incline_Cable_Flye,shoulders
Incline_Dumbbell_Bench_With_Palms_Facing_In,shoulders
Incline_Dumbbell_Bench_With_Palms_Facing_In,triceps
Incline_Dumbbell_Flyes,shoulders
Incline_Dumbbell_Flyes_-_With_A_Twist,shoulders
Incline_Dumbbell_Press,shoulders
Incline_Dumbbell_Press,triceps
Incline_Push-Up,shoulders
Incline_Push-Up,triceps
Incline_Push-Up_Close-Grip,chest
Incline_Push-Up_Close-Grip,shoulders
Incline_Push-Up_Depth_Jump,shoulders
Incline_Push-Up_Depth_Jump,triceps
Incline_Push-Up_Medium,abdominals
Incline_Push-Up_Medium,shoulders
Incline_Push-Up_Medium,triceps
Incline_Push-Up_Reverse_Grip,abdominals
Incline_Push-Up_Reverse_Grip,shoulders
Incline_Push-Up_Reverse_Grip,triceps
Incline_Push-Up_Wide,abdominals
Incline_Push-Up_Wide,shoulders
Incline_Push-Up_Wide,triceps
Inverted_Row,lats
Inverted_Row_with_Straps,biceps
Inverted_Row_with_Straps,lats
Iron_Cross,chest
Iron_Cross,glutes
Iron_Cross,hamstrings
Iron_Cross,lower back
Iron_Cross,quadriceps
Iron_Cross,traps
Isometric_Chest_Squeezes,shoulders
Isometric_Chest_Squeezes,triceps
Isometric_Wipers,abdominals
Isometric_Wipers,shoulders
Isometric_Wipers,triceps
JM_Press,chest
JM_Press,shoulders
Jefferson_Squats,calves
Jefferson_Squats,glutes
Jefferson_Squats,hamstrings
Jefferson_Squats,lower back
Jefferson_Squats,traps
Jerk_Balance,glutes
Jerk_Balance,hamstrings
Jerk_Balance,quadriceps
Jerk_Balance,triceps
Jerk_Dip_Squat,abdominals
Jerk_Dip_Squat,calves
Jogging_Treadmill,glutes
Jogging_Treadmill,hamstrings
Keg_Load,abdominals
Keg_Load,biceps
Keg_Load,calves
Keg_Load,forearms
Keg_Load,glutes
Keg_Load,hamstrings
Keg_Load,middle back
Keg_Load,quadriceps
Keg_Load,shoulders
Keg_Load,traps
Kettlebell_Arnold_Press,triceps
Kettlebell_Dead_Clean,calves
Kettlebell_Dead_Clean,glutes
Kettlebell_Dead_Clean,lower back
Kettlebell_Dead_Clean,quadriceps
Kettlebell_Dead_Clean,traps
Kettlebell_Figure_8,hamstrings
Kettlebell_Figure_8,shoulders
Kettlebell_Hang_Clean,calves
Kettlebell_Hang_Clean,glutes
Kettlebell_Hang_Clean,lower back
Kettlebell_Hang_Clean,shoulders
Kettlebell_Hang_Clean,traps
Kettlebell_One-Legged_Deadlift,glutes
Kettlebell_One-Legged_Deadlift,lower back
Kettlebell_Pass_Between_The_Legs,glutes
Kettlebell_Pass_Between_The_Legs,hamstrings
Kettlebell_Pass_Between_The_Legs,shoulders
Kettlebell_Pirate_Ships,abdominals
Kettlebell_Pistol_Squat,calves
Kettlebell_Pistol_Squat,glutes
Kettlebell_Pistol_Squat,hamstrings
Kettlebell_Pistol_Squat,shoulders
Kettlebell_Seated_Press,triceps
Kettlebell_Seesaw_Press,triceps
Kettlebell_Sumo_High_Pull,adductors
Kettlebell_Sumo_High_Pull,glutes
Kettlebell_Sumo_High_Pull,hamstrings
Kettlebell_Sumo_High_Pull,quadriceps
Kettlebell_Sumo_High_Pull,shoulders
Kettlebell_Thruster,quadriceps
Kettlebell_Thruster,triceps
Kettlebell_Turkish_Get-Up_Lunge_style,abdominals
Kettlebell_Turkish_Get-Up_Lunge_style,hamstrings
Kettlebell_Turkish_Get-Up_Lunge_style,quadriceps
Kettlebell_Turkish_Get-Up_Lunge_style,triceps
Kettlebell_Turkish_Get-Up_Squat_style,abdominals
Kettlebell_Turkish_Get-Up_Squat_style,calves
Kettlebell_Turkish_Get-Up_Squat_style,hamstrings
Kettlebell_Turkish_Get-Up_Squat_style,quadriceps
Kettlebell_Turkish_Get-Up_Squat_style,triceps
Kettlebell_Windmill,glutes
Kettlebell_Windmill,hamstrings
Kettlebell_Windmill,shoulders
Kettlebell_Windmill,triceps
Kipping_Muscle_Up,abdominals
Kipping_Muscle_Up,biceps
Kipping_Muscle_Up,forearms
Kipping_Muscle_Up,middle back
Kipping_Muscle_Up,shoulders
Kipping_Muscle_Up,traps
Kipping_Muscle_Up,triceps
Knee_Across_The_Body,abductors
Knee_Across_The_Body,lower back
Knee_Circles,hamstrings
Knee_Circles,quadriceps
Knee_Tuck_Jump,abductors
Knee_Tuck_Jump,adductors
Knee_Tuck_Jump,calves
Knee_Tuck_Jump,glutes
Knee_Tuck_Jump,quadriceps
Kneeling_Arm_Drill,abdominals
Kneeling_High_Pulley_Row,biceps
Kneeling_High_Pulley_Row,middle back
Kneeling_Hip_Flexor,quadriceps
Kneeling_Jump_Squat,calves
Kneeling_Jump_Squat,hamstrings
Kneeling_Jump_Squat,quadriceps
Kneeling_Single-Arm_High_Pulley_Row,biceps
Kneeling_Single-Arm_High_Pulley_Row,middle back
Kneeling_Squat,abdominals
Kneeling_Squat,hamstrings
Kneeling_Squat,lower back
Landmine_180s,glutes
Landmine_180s,lower back
Landmine_180s,shoulders
Landmine_Linear_Jammer,abdominals
Landmine_Linear_Jammer,calves
Landmine_Linear_Jammer,chest
Landmine_Linear_Jammer,hamstrings
Landmine_Linear_Jammer,quadriceps
Landmine_Linear_Jammer,triceps
Lateral_Bound,abductors
Lateral_Bound,calves
Lateral_Bound,glutes
Lateral_Bound,hamstrings
Lateral_Bound,quadriceps
Lateral_Box_Jump,abductors
Lateral_Box_Jump,calves
Lateral_Box_Jump,glutes
Lateral_Box_Jump,hamstrings
Lateral_Box_Jump,quadriceps
Lateral_Cone_Hops,abductors
Lateral_Cone_Hops,calves
Lateral_Cone_Hops,glutes
Lateral_Cone_Hops,hamstrings
Lateral_Cone_Hops,quadriceps
Leg-Over_Floor_Press,shoulders
Leg-Over_Floor_Press,triceps
Leg_Lift,hamstrings
Leg_Press,calves
Leg_Press,glutes
Leg_Press,hamstrings
Leverage_Chest_Press,shoulders
Leverage_Chest_Press,triceps
Leverage_Deadlift,glutes
Leverage_Deadlift,hamstrings
Leverage_Decline_Chest_Press,shoulders
Leverage_Decline_Chest_Press,triceps
Leverage_High_Row,lats
Leverage_Incline_Chest_Press,shoulders
Leverage_Incline_Chest_Press,triceps
Leverage_Iso_Row,biceps
Leverage_Iso_Row,middle back
Leverage_Shoulder_Press,triceps
Leverage_Shrug,forearms
Linear_3-Part_Start_Technique,calves
Linear_3-Part_Start_Technique,quadriceps
Linear_Acceleration_Wall_Drill,calves
Linear_Acceleration_Wall_Drill,glutes
Linear_Acceleration_Wall_Drill,quadriceps
Linear_Depth_Jump,calves
Linear_Depth_Jump,glutes
Linear_Depth_Jump,hamstrings
Log_Lift,abdominals
Log_Lift,chest
Log_Lift,glutes
Log_Lift,hamstrings
Log_Lift,lower back
Log_Lift,middle back
Log_Lift,quadriceps
Log_Lift,traps
Log_Lift,triceps
London_Bridges,biceps
London_Bridges,forearms
London_Bridges,middle back
Low_Cable_Crossover,shoulders
Low_Pulley_Row_To_Neck,biceps
Low_Pulley_Row_To_Neck,middle back
Low_Pulley_Row_To_Neck,traps
Lunge_Pass_Through,calves
Lunge_Pass_Through,glutes
Lunge_Pass_Through,quadriceps
Lunge_Sprint,calves
Lunge_Sprint,glutes
Lunge_Sprint,hamstrings
Lying_Cambered_Barbell_Row,biceps
Lying_Cambered_Barbell_Row,lats
Lying_Cambered_Barbell_Row,traps
Lying_Dumbbell_Tricep_Extension,chest
Lying_Dumbbell_Tricep_Extension,shoulders
Lying_Glute,abductors
Lying_Hamstring,calves
Lying_Machine_Squat,calves
Lying_Machine_Squat,glutes
Lying_Machine_Squat,hamstrings
Lying_T-Bar_Row,biceps
Lying_T-Bar_Row,lats
Machine_Bench_Press,shoulders
Machine_Bench_Press,triceps
Machine_Shoulder_Military_Press,triceps
Medicine_Ball_Chest_Pass,shoulders
Medicine_Ball_Chest_Pass,triceps
Medicine_Ball_Full_Twist,shoulders
Medicine_Ball_Scoop_Throw,abdominals
Medicine_Ball_Scoop_Throw,hamstrings
Medicine_Ball_Scoop_Throw,quadriceps
Middle_Back_Stretch,abdominals
Middle_Back_Stretch,lats
Middle_Back_Stretch,lower back
Mixed_Grip_Chin,biceps
Mixed_Grip_Chin,lats
Mountain_Climbers,chest
Mountain_Climbers,hamstrings
Mountain_Climbers,shoulders
Moving_Claw_Series,calves
Moving_Claw_Series,quadriceps
Muscle_Snatch,glutes
Muscle_Snatch,lower back
Muscle_Snatch,quadriceps
Muscle_Snatch,shoulders
Muscle_Snatch,triceps
Muscle_Up,abdominals
Muscle_Up,biceps
Muscle_Up,forearms
Muscle_Up,middle back
Muscle_Up,shoulders
Muscle_Up,traps
Muscle_Up,triceps
Narrow_Stance_Hack_Squats,calves
Narrow_Stance_Hack_Squats,glutes
Narrow_Stance_Hack_Squats,hamstrings
Narrow_Stance_Leg_Press,calves
Narrow_Stance_Leg_Press,glutes
Narrow_Stance_Leg_Press,hamstrings
Narrow_Stance_Squats,calves
Narrow_Stance_Squats,glutes
Narrow_Stance_Squats,hamstrings
Narrow_Stance_Squats,lower back
Natural_Glute_Ham_Raise,calves
Natural_Glute_Ham_Raise,glutes
Natural_Glute_Ham_Raise,lower back
Neck_Press,shoulders
Neck_Press,triceps
Olympic_Squat,calves
Olympic_Squat,glutes
Olympic_Squat,hamstrings
One-Arm_Dumbbell_Row,biceps
One-Arm_Dumbbell_Row,lats
One-Arm_Dumbbell_Row,shoulders
One-Arm_Kettlebell_Clean,glutes
One-Arm_Kettlebell_Clean,lower back
One-Arm_Kettlebell_Clean,shoulders
One-Arm_Kettlebell_Clean,traps
One-Arm_Kettlebell_Floor_Press,triceps
One-Arm_Kettlebell_Jerk,calves
One-Arm_Kettlebell_Jerk,quadriceps
One-Arm_Kettlebell_Jerk,triceps
One-Arm_Kettlebell_Military_Press_To_The_Side,triceps
One-Arm_Kettlebell_Para_Press,triceps
One-Arm_Kettlebell_Push_Press,calves
One-Arm_Kettlebell_Push_Press,quadriceps
One-Arm_Kettlebell_Push_Press,triceps
One-Arm_Kettlebell_Row,biceps
One-Arm_Kettlebell_Row,lats
One-Arm_Kettlebell_Snatch,calves
One-Arm_Kettlebell_Snatch,glutes
One-Arm_Kettlebell_Snatch,hamstrings
One-Arm_Kettlebell_Snatch,lower back
One-Arm_Kettlebell_Snatch,traps
One-Arm_Kettlebell_Snatch,triceps
One-Arm_Kettlebell_Split_Jerk,glutes
One-Arm_Kettlebell_Split_Jerk,hamstrings
One-Arm_Kettlebell_Split_Jerk,quadriceps
One-Arm_Kettlebell_Split_Jerk,triceps
One-Arm_Kettlebell_Split_Snatch,hamstrings
One-Arm_Kettlebell_Split_Snatch,quadriceps
One-Arm_Kettlebell_Swings,calves
One-Arm_Kettlebell_Swings,glutes
One-Arm_Kettlebell_Swings,lower back
One-Arm_Kettlebell_Swings,shoulders
One-Arm_Long_Bar_Row,biceps
One-Arm_Long_Bar_Row,lats
One-Arm_Medicine_Ball_Slam,lats
One-Arm_Medicine_Ball_Slam,shoulders
One-Arm_Open_Palm_Kettlebell_Clean,forearms
One-Arm_Open_Palm_Kettlebell_Clean,glutes
One-Arm_Open_Palm_Kettlebell_Clean,lower back
One-Arm_Open_Palm_Kettlebell_Clean,quadriceps
One-Arm_Open_Palm_Kettlebell_Clean,shoulders
One-Arm_Overhead_Kettlebell_Squats,calves
One-Arm_Overhead_Kettlebell_Squats,glutes
One-Arm_Overhead_Kettlebell_Squats,hamstrings
One-Arm_Overhead_Kettlebell_Squats,shoulders
One-Arm_Side_Deadlift,abdominals
One-Arm_Side_Deadlift,calves
One-Arm_Side_Deadlift,glutes
One-Arm_Side_Deadlift,hamstrings
One-Arm_Side_Deadlift,lower back
One-Arm_Side_Deadlift,traps
One-Legged_Cable_Kickback,hamstrings
One_Arm_Chin-Up,biceps
One_Arm_Chin-Up,forearms
One_Arm_Chin-Up,lats
One_Arm_Dumbbell_Bench_Press,shoulders
One_Arm_Dumbbell_Bench_Press,triceps
One_Arm_Floor_Press,chest
One_Arm_Floor_Press,shoulders
One_Arm_Lat_Pulldown,biceps
One_Arm_Lat_Pulldown,middle back
One_Half_Locust,abdominals
One_Half_Locust,biceps
One_Half_Locust,chest
One_Handed_Hang,biceps
One_Knee_To_Chest,hamstrings
One_Knee_To_Chest,lower back
One_Leg_Barbell_Squat,calves
One_Leg_Barbell_Squat,glutes
One_Leg_Barbell_Squat,hamstrings
Open_Palm_Kettlebell_Clean,glutes
Open_Palm_Kettlebell_Clean,lower back
Open_Palm_Kettlebell_Clean,quadriceps
Open_Palm_Kettlebell_Clean,shoulders
Otis-Up,chest
Otis-Up,shoulders
Otis-Up,triceps
Overhead_Lat,triceps
Overhead_Squat,abdominals
Overhead_Squat,calves
Overhead_Squat,glutes
Overhead_Squat,hamstrings
Overhead_Squat,lower back
Overhead_Squat,shoulders
Overhead_Squat,triceps
Overhead_Stretch,chest
Overhead_Stretch,forearms
Overhead_Stretch,lats
Overhead_Stretch,triceps
Overhead_Triceps,lats
Pallof_Press,chest
Pallof_Press,shoulders
Pallof_Press,triceps
Pallof_Press_With_Rotation,chest
Pallof_Press_With_Rotation,shoulders
Pallof_Press_With_Rotation,triceps
Parallel_Bar_Dip,chest
Parallel_Bar_Dip,shoulders
Physioball_Hip_Bridge,hamstrings
Pin_Presses,chest
Pin_Presses,forearms
Pin_Presses,lats
Pin_Presses,middle back
Pin_Presses,shoulders
Platform_Hamstring_Slides,glutes
Plie_Dumbbell_Squat,abdominals
Plie_Dumbbell_Squat,calves
Plie_Dumbbell_Squat,glutes
Plie_Dumbbell_Squat,hamstrings
Plyo_Kettlebell_Pushups,shoulders
Plyo_Kettlebell_Pushups,triceps
Plyo_Push-up,shoulders
Plyo_Push-up,triceps
Power_Clean,calves
Power_Clean,forearms
Power_Clean,glutes
Power_Clean,lower back
Power_Clean,middle back
Power_Clean,quadriceps
Power_Clean,shoulders
Power_Clean,traps
Power_Clean,triceps
Power_Clean_from_Blocks,quadriceps
Power_Jerk,abdominals
Power_Jerk,calves
Power_Jerk,glutes
Power_Jerk,hamstrings
Power_Jerk,shoulders
Power_Jerk,triceps
Power_Snatch,calves
Power_Snatch,glutes
Power_Snatch,lower back
Power_Snatch,quadriceps
Power_Snatch,shoulders
Power_Snatch,traps
Power_Snatch,triceps
Power_Snatch_from_Blocks,calves
Power_Snatch_from_Blocks,forearms
Power_Snatch_from_Blocks,glutes
Power_Snatch_from_Blocks,hamstrings
Power_Snatch_from_Blocks,lower back
Power_Snatch_from_Blocks,shoulders
Power_Snatch_from_Blocks,traps
Power_Snatch_from_Blocks,triceps
Power_Stairs,adductors
Power_Stairs,calves
Power_Stairs,glutes
Power_Stairs,lower back
Power_Stairs,quadriceps
Power_Stairs,shoulders
Power_Stairs,traps
Preacher_Hammer_Dumbbell_Curl,forearms
Press_Sit-Up,chest
Press_Sit-Up,shoulders
Press_Sit-Up,triceps
Prowler_Sprint,calves
Prowler_Sprint,chest
Prowler_Sprint,glutes
Prowler_Sprint,quadriceps
Prowler_Sprint,shoulders
Pull_Through,hamstrings
Pull_Through,lower back
Pullups,biceps
Pullups,middle back
Push-Up_Wide,abdominals
Push-Up_Wide,shoulders
Push-Up_Wide,triceps
Push-Ups_-_Close_Triceps_Position,chest
Push-Ups_-_Close_Triceps_Position,shoulders
Push-Ups_With_Feet_Elevated,shoulders
Push-Ups_With_Feet_Elevated,triceps
Push-Ups_With_Feet_On_An_Exercise_Ball,shoulders
Push-Ups_With_Feet_On_An_Exercise_Ball,triceps
Push_Press,quadriceps
Push_Press,triceps
Push_Press_-_Behind_the_Neck,calves
Push_Press_-_Behind_the_Neck,quadriceps
Push_Press_-_Behind_the_Neck,triceps
Push_Up_to_Side_Plank,abdominals
Push_Up_to_Side_Plank,shoulders
Push_Up_to_Side_Plank,triceps
Pushups,shoulders
Pushups,triceps
Pushups_Close_and_Wide_Hand_Positions,shoulders
Pushups_Close_and_Wide_Hand_Positions,triceps
Pyramid,shoulders
Quick_Leap,calves
Quick_Leap,hamstrings
Rack_Delivery,forearms
Rack_Delivery,traps
Rack_Pull_with_Bands,forearms
Rack_Pull_with_Bands,glutes
Rack_Pull_with_Bands,hamstrings
Rack_Pull_with_Bands,quadriceps
Rack_Pull_with_Bands,traps
Rack_Pulls,forearms
Rack_Pulls,glutes
Rack_Pulls,hamstrings
Rack_Pulls,traps
Recumbent_Bike,calves
Recumbent_Bike,glutes
Recumbent_Bike,hamstrings
Return_Push_from_Stance,chest
Return_Push_from_Stance,triceps
Reverse_Band_Bench_Press,chest
Reverse_Band_Bench_Press,forearms
Reverse_Band_Bench_Press,lats
Reverse_Band_Bench_Press,middle back
Reverse_Band_Bench_Press,shoulders
Reverse_Band_Box_Squat,abductors
Reverse_Band_Box_Squat,adductors
Reverse_Band_Box_Squat,calves
Reverse_Band_Box_Squat,forearms
Reverse_Band_Box_Squat,glutes
Reverse_Band_Box_Squat,hamstrings
Reverse_Band_Box_Squat,lower back
Reverse_Band_Deadlift,abductors
Reverse_Band_Deadlift,adductors
Reverse_Band_Deadlift,calves
Reverse_Band_Deadlift,glutes
Reverse_Band_Deadlift,hamstrings
Reverse_Band_Deadlift,quadriceps
Reverse_Band_Power_Squat,adductors
Reverse_Band_Power_Squat,calves
Reverse_Band_Power_Squat,glutes
Reverse_Band_Power_Squat,hamstrings
Reverse_Band_Power_Squat,lower back
Reverse_Band_Sumo_Deadlift,abductors
Reverse_Band_Sumo_Deadlift,adductors
Reverse_Band_Sumo_Deadlift,calves
Reverse_Band_Sumo_Deadlift,forearms
Reverse_Band_Sumo_Deadlift,glutes
Reverse_Band_Sumo_Deadlift,lower back
Reverse_Band_Sumo_Deadlift,quadriceps
Reverse_Band_Sumo_Deadlift,traps
Reverse_Barbell_Curl,forearms
Reverse_Barbell_Preacher_Curls,forearms
Reverse_Cable_Curl,forearms
Reverse_Grip_Bent-Over_Rows,biceps
Reverse_Grip_Bent-Over_Rows,lats
Reverse_Grip_Bent-Over_Rows,shoulders
Reverse_Hyperextension,calves
Reverse_Hyperextension,glutes
Reverse_Plate_Curls,forearms
Reverse_Triceps_Bench_Press,chest
Reverse_Triceps_Bench_Press,shoulders
Rhomboids-SMR,traps
Rickshaw_Carry,abdominals
Rickshaw_Carry,calves
Rickshaw_Carry,glutes
Rickshaw_Carry,hamstrings
Rickshaw_Carry,lower back
Rickshaw_Carry,quadriceps
Rickshaw_Carry,traps
Rickshaw_Deadlift,forearms
Rickshaw_Deadlift,glutes
Rickshaw_Deadlift,hamstrings
Rickshaw_Deadlift,lower back
Rickshaw_Deadlift,traps
Ring_Dips,chest
Ring_Dips,shoulders
Rocket_Jump,calves
Rocket_Jump,hamstrings
Rocky_Pull-Ups_Pulldowns,biceps
Rocky_Pull-Ups_Pulldowns,middle back
Rocky_Pull-Ups_Pulldowns,shoulders
Romanian_Deadlift,calves
Romanian_Deadlift,glutes
Romanian_Deadlift,lower back
Romanian_Deadlift_from_Deficit,forearms
Romanian_Deadlift_from_Deficit,glutes
Romanian_Deadlift_from_Deficit,lower back
Romanian_Deadlift_from_Deficit,traps
Rope_Climb,biceps
Rope_Climb,forearms
Rope_Climb,middle back
Rope_Climb,shoulders
Rope_Jumping,calves
Rope_Jumping,hamstrings
Round_The_World_Shoulder_Stretch,biceps
Round_The_World_Shoulder_Stretch,chest
Rowing_Stationary,biceps
Rowing_Stationary,calves
Rowing_Stationary,glutes
Rowing_Stationary,hamstrings
Rowing_Stationary,lower back
Rowing_Stationary,middle back
Runners_Stretch,calves
Running_Treadmill,calves
Running_Treadmill,glutes
Running_Treadmill,hamstrings
Russian_Twist,lower back
Sandbag_Load,abdominals
Sandbag_Load,biceps
Sandbag_Load,calves
Sandbag_Load,forearms
Sandbag_Load,glutes
Sandbag_Load,hamstrings
Sandbag_Load,lower back
Sandbag_Load,middle back
Sandbag_Load,shoulders
Sandbag_Load,traps
Scapular_Pull-Up,lats
Scapular_Pull-Up,middle back
Scissors_Jump,glutes
Scissors_Jump,hamstrings
Seated_Barbell_Military_Press,triceps
Seated_Biceps,chest
Seated_Biceps,shoulders
Seated_Cable_Rows,biceps
Seated_Cable_Rows,lats
Seated_Cable_Rows,shoulders
Seated_Cable_Shoulder_Press,triceps
Seated_Calf_Stretch,hamstrings
Seated_Calf_Stretch,lower back
Seated_Dumbbell_Press,triceps
Seated_Floor_Hamstring_Stretch,calves
Seated_Front_Deltoid,chest
Seated_Glute,adductors
Seated_Good_Mornings,glutes
Seated_Hamstring,calves
Seated_Hamstring_and_Calf_Stretch,calves
Seated_One-arm_Cable_Pulley_Rows,biceps
Seated_One-arm_Cable_Pulley_Rows,lats
Seated_One-arm_Cable_Pulley_Rows,traps
See-Saw_Press_Alternating_Side_Press,abdominals
See-Saw_Press_Alternating_Side_Press,triceps
Shotgun_Row,biceps
Shotgun_Row,middle back
Shoulder_Circles,traps
Shoulder_Press_-_With_Bands,triceps
Shoulder_Raise,lats
Side_Bridge,shoulders
Side_Hop-Sprint,abductors
Side_Hop-Sprint,adductors
Side_Hop-Sprint,calves
Side_Hop-Sprint,hamstrings
Side_Laterals_to_Front_Raise,traps
Side_Lying_Groin_Stretch,hamstrings
Side_Standing_Long_Jump,calves
Side_Standing_Long_Jump,glutes
Side_Standing_Long_Jump,hamstrings
Side_To_Side_Chins,biceps
Side_To_Side_Chins,forearms
Side_To_Side_Chins,middle back
Side_To_Side_Chins,shoulders
Side_Wrist_Pull,forearms
Side_Wrist_Pull,lats
Side_to_Side_Box_Shuffle,abductors
Side_to_Side_Box_Shuffle,adductors
Side_to_Side_Box_Shuffle,calves
Side_to_Side_Box_Shuffle,hamstrings
Single-Arm_Linear_Jammer,chest
Single-Arm_Linear_Jammer,triceps
Single-Arm_Push-Up,shoulders
Single-Arm_Push-Up,triceps
Single-Cone_Sprint_Drill,calves
Single-Cone_Sprint_Drill,glutes
Single-Cone_Sprint_Drill,hamstrings
Single-Leg_High_Box_Squat,glutes
Single-Leg_High_Box_Squat,hamstrings
Single-Leg_Hop_Progression,abductors
Single-Leg_Hop_Progression,adductors
Single-Leg_Hop_Progression,calves
Single-Leg_Hop_Progression,hamstrings
Single-Leg_Lateral_Hop,abductors
Single-Leg_Lateral_Hop,adductors
Single-Leg_Lateral_Hop,calves
Single-Leg_Lateral_Hop,hamstrings
Single-Leg_Stride_Jump,abductors
Single-Leg_Stride_Jump,adductors
Single-Leg_Stride_Jump,calves
Single-Leg_Stride_Jump,hamstrings
Single_Dumbbell_Raise,forearms
Single_Dumbbell_Raise,traps
Single_Leg_Butt_Kick,calves
Single_Leg_Butt_Kick,hamstrings
Single_Leg_Glute_Bridge,hamstrings
Single_Leg_Push-off,calves
Single_Leg_Push-off,hamstrings
Sit_Squats,abductors
Sit_Squats,glutes
Sit_Squats,hamstrings
Skating,abductors
Skating,adductors
Skating,calves
Skating,glutes
Skating,hamstrings
Sled_Drag_-_Harness,calves
Sled_Drag_-_Harness,glutes
Sled_Drag_-_Harness,hamstrings
Sled_Overhead_Backward_Walk,calves
Sled_Overhead_Backward_Walk,middle back
Sled_Overhead_Backward_Walk,quadriceps
Sled_Push,calves
Sled_Push,chest
Sled_Push,glutes
Sled_Push,hamstrings
Sled_Push,triceps
Sled_Row,biceps
Sled_Row,lats
Sledgehammer_Swings,calves
Sledgehammer_Swings,forearms
Sledgehammer_Swings,lats
Sledgehammer_Swings,middle back
Sledgehammer_Swings,shoulders
Smith_Incline_Shoulder_Raise,chest
Smith_Machine_Behind_the_Back_Shrug,shoulders
Smith_Machine_Bench_Press,shoulders
Smith_Machine_Bench_Press,triceps
Smith_Machine_Bent_Over_Row,biceps
Smith_Machine_Bent_Over_Row,lats
Smith_Machine_Bent_Over_Row,shoulders
Smith_Machine_Close-Grip_Bench_Press,chest
Smith_Machine_Close-Grip_Bench_Press,shoulders
Smith_Machine_Decline_Press,shoulders
Smith_Machine_Decline_Press,triceps
Smith_Machine_Hang_Power_Clean,glutes
Smith_Machine_Hang_Power_Clean,lower back
Smith_Machine_Hang_Power_Clean,quadriceps
Smith_Machine_Hang_Power_Clean,shoulders
Smith_Machine_Hang_Power_Clean,traps
Smith_Machine_Incline_Bench_Press,shoulders
Smith_Machine_Incline_Bench_Press,triceps
Smith_Machine_Leg_Press,calves
Smith_Machine_Leg_Press,glutes
Smith_Machine_Leg_Press,hamstrings
Smith_Machine_One-Arm_Upright_Row,biceps
Smith_Machine_One-Arm_Upright_Row,traps
Smith_Machine_Overhead_Shoulder_Press,triceps
Smith_Machine_Pistol_Squat,calves
Smith_Machine_Pistol_Squat,glutes
Smith_Machine_Pistol_Squat,hamstrings
Smith_Machine_Squat,calves
Smith_Machine_Squat,glutes
Smith_Machine_Squat,hamstrings
Smith_Machine_Squat,lower back
Smith_Machine_Stiff-Legged_Deadlift,glutes
Smith_Machine_Stiff-Legged_Deadlift,lower back
Smith_Machine_Upright_Row,biceps
Smith_Machine_Upright_Row,middle back
Smith_Machine_Upright_Row,shoulders
Smith_Single-Leg_Split_Squat,calves
Smith_Single-Leg_Split_Squat,glutes
Smith_Single-Leg_Split_Squat,hamstrings
Snatch,biceps
Snatch,glutes
Snatch,hamstrings
Snatch,lower back
Snatch,shoulders
Snatch,traps
Snatch,triceps
Snatch_Balance,calves
Snatch_Balance,glutes
Snatch_Balance,hamstrings
Snatch_Balance,shoulders
Snatch_Balance,triceps
Snatch_Deadlift,forearms
Snatch_Deadlift,glutes
Snatch_Deadlift,hamstrings
Snatch_Deadlift,lower back
Snatch_Deadlift,quadriceps
Snatch_Deadlift,traps
Snatch_Pull,calves
Snatch_Pull,glutes
Snatch_Pull,lower back
Snatch_Pull,quadriceps
Snatch_Pull,traps
Snatch_Shrug,forearms
Snatch_Shrug,shoulders
Snatch_from_Blocks,calves
Snatch_from_Blocks,forearms
Snatch_from_Blocks,glutes
Snatch_from_Blocks,hamstrings
Snatch_from_Blocks,lower back
Snatch_from_Blocks,shoulders
Snatch_from_Blocks,traps
Snatch_from_Blocks,triceps
Speed_Box_Squat,calves
Speed_Box_Squat,glutes
Speed_Box_Squat,hamstrings
Speed_Squats,calves
Speed_Squats,glutes
Speed_Squats,hamstrings
Speed_Squats,lower back
Spell_Caster,glutes
Spell_Caster,shoulders
Spider_Crawl,chest
Spider_Crawl,shoulders
Spider_Crawl,triceps
Spinal_Stretch,lats
Spinal_Stretch,lower back
Spinal_Stretch,neck
Spinal_Stretch,traps
Split_Clean,calves
Split_Clean,forearms
Split_Clean,glutes
Split_Clean,hamstrings
Split_Clean,lower back
Split_Clean,shoulders
Split_Clean,traps
Split_Jerk,glutes
Split_Jerk,hamstrings
Split_Jerk,shoulders
Split_Jerk,triceps
Split_Jump,calves
Split_Jump,glutes
Split_Jump,hamstrings
Split_Snatch,calves
Split_Snatch,forearms
Split_Snatch,glutes
Split_Snatch,hamstrings
Split_Snatch,lower back
Split_Snatch,quadriceps
Split_Snatch,shoulders
Split_Snatch,traps
Split_Snatch,triceps
Split_Squat_with_Dumbbells,glutes
Split_Squat_with_Dumbbells,hamstrings
Split_Squats,calves
Split_Squats,glutes
Split_Squats,quadriceps
Squat_Jerk,calves
Squat_Jerk,glutes
Squat_Jerk,hamstrings
Squat_Jerk,shoulders
Squat_Jerk,triceps
Squat_with_Bands,adductors
Squat_with_Bands,calves
Squat_with_Bands,glutes
Squat_with_Bands,hamstrings
Squat_with_Bands,lower back
Squat_with_Chains,adductors
Squat_with_Chains,calves
Squat_with_Chains,glutes
Squat_with_Chains,hamstrings
Squat_with_Chains,lower back
Squat_with_Plate_Movers,abductors
Squat_with_Plate_Movers,adductors
Squat_with_Plate_Movers,calves
Squat_with_Plate_Movers,glutes
Squat_with_Plate_Movers,hamstrings
Squats_-_With_Bands,calves
Squats_-_With_Bands,glutes
Squats_-_With_Bands,hamstrings
Squats_-_With_Bands,lower back
Stairmaster,calves
Stairmaster,glutes
Stairmaster,hamstrings
Standing_Alternating_Dumbbell_Press,triceps
Standing_Barbell_Press_Behind_Neck,triceps
Standing_Bent-Over_One-Arm_Dumbbell_Triceps_Extension,shoulders
Standing_Biceps_Stretch,chest
Standing_Biceps_Stretch,shoulders
Standing_Bradford_Press,triceps
Standing_Cable_Chest_Press,shoulders
Standing_Cable_Chest_Press,triceps
Standing_Cable_Lift,shoulders
Standing_Cable_Wood_Chop,shoulders
Standing_Concentration_Curl,forearms
Standing_Dumbbell_Press,triceps
Standing_Dumbbell_Reverse_Curl,forearms
Standing_Dumbbell_Upright_Row,biceps
Standing_Dumbbell_Upright_Row,shoulders
Standing_Gastrocnemius_Calf_Stretch,hamstrings
Standing_Hip_Circles,adductors
Standing_Long_Jump,calves
Standing_Long_Jump,glutes
Standing_Long_Jump,hamstrings
Standing_Low-Pulley_Deltoid_Raise,forearms
Standing_Low-Pulley_One-Arm_Triceps_Extension,chest
Standing_Low-Pulley_One-Arm_Triceps_Extension,shoulders
Standing_Military_Press,triceps
Standing_Olympic_Plate_Hand_Squeeze,biceps
Standing_One-Arm_Dumbbell_Triceps_Extension,chest
Standing_One-Arm_Dumbbell_Triceps_Extension,shoulders
Standing_Overhead_Barbell_Triceps_Extension,shoulders
Standing_Palm-In_One-Arm_Dumbbell_Press,triceps
Standing_Palms-In_Dumbbell_Press,triceps
Standing_Pelvic_Tilt,glutes
Standing_Toe_Touches,calves
Standing_Two-Arm_Overhead_Throw,chest
Standing_Two-Arm_Overhead_Throw,lats
Star_Jump,calves
Star_Jump,glutes
Star_Jump,hamstrings
Star_Jump,shoulders
Step-up_with_Knee_Raise,hamstrings
Step-up_with_Knee_Raise,quadriceps
Step_Mill,calves
Step_Mill,glutes
Step_Mill,hamstrings
Stiff-Legged_Barbell_Deadlift,glutes
Stiff-Legged_Barbell_Deadlift,lower back
Stiff-Legged_Dumbbell_Deadlift,glutes
Stiff-Legged_Dumbbell_Deadlift,lower back
Stiff_Leg_Barbell_Good_Morning,glutes
Stiff_Leg_Barbell_Good_Morning,hamstrings
Straight-Arm_Dumbbell_Pullover,lats
Straight-Arm_Dumbbell_Pullover,shoulders
Straight-Arm_Dumbbell_Pullover,triceps
Straight_Bar_Bench_Mid_Rows,biceps
Straight_Bar_Bench_Mid_Rows,lats
Straight_Raises_on_Incline_Bench,traps
Stride_Jump_Crossover,abductors
Stride_Jump_Crossover,adductors
Stride_Jump_Crossover,calves
Stride_Jump_Crossover,hamstrings
Sumo_Deadlift,adductors
Sumo_Deadlift,forearms
Sumo_Deadlift,glutes
Sumo_Deadlift,lower back
Sumo_Deadlift,middle back
Sumo_Deadlift,quadriceps
Sumo_Deadlift,traps
Sumo_Deadlift_with_Bands,adductors
Sumo_Deadlift_with_Bands,forearms
Sumo_Deadlift_with_Bands,glutes
Sumo_Deadlift_with_Bands,lower back
Sumo_Deadlift_with_Bands,middle back
Sumo_Deadlift_with_Bands,quadriceps
Sumo_Deadlift_with_Bands,traps
Sumo_Deadlift_with_Chains,abductors
Sumo_Deadlift_with_Chains,adductors
Sumo_Deadlift_with_Chains,forearms
Sumo_Deadlift_with_Chains,glutes
Sumo_Deadlift_with_Chains,lower back
Sumo_Deadlift_with_Chains,middle back
Sumo_Deadlift_with_Chains,quadriceps
Sumo_Deadlift_with_Chains,traps
Superman,glutes
Superman,hamstrings
Supine_Chest_Throw,chest
Supine_Chest_Throw,shoulders
Supine_One-Arm_Overhead_Throw,chest
Supine_One-Arm_Overhead_Throw,lats
Supine_One-Arm_Overhead_Throw,shoulders
Supine_Two-Arm_Overhead_Throw,chest
Supine_Two-Arm_Overhead_Throw,lats
Supine_Two-Arm_Overhead_Throw,shoulders
Suspended_Fallout,chest
Suspended_Fallout,lower back
Suspended_Fallout,shoulders
Suspended_Push-Up,shoulders
Suspended_Push-Up,triceps
Suspended_Row,biceps
Suspended_Row,lats
Suspended_Split_Squat,abductors
Suspended_Split_Squat,adductors
Suspended_Split_Squat,calves
Suspended_Split_Squat,glutes
Suspended_Split_Squat,hamstrings
Svend_Press,forearms
Svend_Press,shoulders
Svend_Press,triceps
T-Bar_Row_with_Handle,biceps
T-Bar_Row_with_Handle,lats
Tate_Press,chest
Tate_Press,shoulders
The_Straddle,adductors
The_Straddle,calves
Thigh_Abductor,glutes
Thigh_Adductor,glutes
Thigh_Adductor,hamstrings
Tire_Flip,calves
Tire_Flip,chest
Tire_Flip,forearms
Tire_Flip,glutes
Tire_Flip,hamstrings
Tire_Flip,lower back
Tire_Flip,shoulders
Tire_Flip,traps
Tire_Flip,triceps
Trail_Running_Walking,calves
Trail_Running_Walking,glutes
Trail_Running_Walking,hamstrings
Trap_Bar_Deadlift,glutes
Trap_Bar_Deadlift,hamstrings
Tricep_Side_Stretch,shoulders
Triceps_Stretch,lats
Two-Arm_Kettlebell_Clean,calves
Two-Arm_Kettlebell_Clean,glutes
Two-Arm_Kettlebell_Clean,hamstrings
Two-Arm_Kettlebell_Clean,lower back
Two-Arm_Kettlebell_Clean,traps
Two-Arm_Kettlebell_Jerk,calves
Two-Arm_Kettlebell_Jerk,quadriceps
Two-Arm_Kettlebell_Jerk,triceps
Two-Arm_Kettlebell_Military_Press,triceps
Two-Arm_Kettlebell_Row,biceps
Two-Arm_Kettlebell_Row,lats
Underhand_Cable_Pulldowns,biceps
Underhand_Cable_Pulldowns,middle back
Underhand_Cable_Pulldowns,shoulders
Upper_Back-Leg_Grab,lower back
Upper_Back-Leg_Grab,middle back
Upper_Back_Stretch,middle back
Upright_Barbell_Row,traps
Upright_Cable_Row,shoulders
Upright_Row_-_With_Bands,shoulders
Upward_Stretch,chest
Upward_Stretch,lats
V-Bar_Pulldown,biceps
V-Bar_Pulldown,middle back
V-Bar_Pulldown,shoulders
V-Bar_Pullup,biceps
V-Bar_Pullup,middle back
V-Bar_Pullup,shoulders
Vertical_Swing,glutes
Vertical_Swing,quadriceps
Vertical_Swing,shoulders
Walking_Treadmill,calves
Walking_Treadmill,glutes
Walking_Treadmill,hamstrings
Weighted_Ball_Hyperextension,glutes
Weighted_Ball_Hyperextension,hamstrings
Weighted_Ball_Hyperextension,middle back
Weighted_Bench_Dip,chest
Weighted_Bench_Dip,shoulders
Weighted_Jump_Squat,calves
Weighted_Jump_Squat,glutes
Weighted_Jump_Squat,hamstrings
Weighted_Jump_Squat,lower back
Weighted_Pull_Ups,biceps
Weighted_Pull_Ups,middle back
Weighted_Sissy_Squat,calves
Weighted_Sissy_Squat,glutes
Weighted_Sissy_Squat,hamstrings
Weighted_Squat,calves
Weighted_Squat,glutes
Weighted_Squat,hamstrings
Wide-Grip_Barbell_Bench_Press,shoulders
Wide-Grip_Barbell_Bench_Press,triceps
Wide-Grip_Decline_Barbell_Bench_Press,shoulders
Wide-Grip_Decline_Barbell_Bench_Press,triceps
Wide-Grip_Decline_Barbell_Pullover,shoulders
Wide-Grip_Decline_Barbell_Pullover,triceps
Wide-Grip_Lat_Pulldown,biceps
Wide-Grip_Lat_Pulldown,middle back
Wide-Grip_Lat_Pulldown,shoulders
Wide-Grip_Pulldown_Behind_The_Neck,biceps
Wide-Grip_Pulldown_Behind_The_Neck,middle back
Wide-Grip_Pulldown_Behind_The_Neck,shoulders
Wide-Grip_Rear_Pull-Up,biceps
Wide-Grip_Rear_Pull-Up,middle back
Wide-Grip_Rear_Pull-Up,shoulders
Wide_Stance_Barbell_Squat,calves
Wide_Stance_Barbell_Squat,glutes
Wide_Stance_Barbell_Squat,hamstrings
Wide_Stance_Barbell_Squat,lower back
Wide_Stance_Stiff_Legs,adductors
Wide_Stance_Stiff_Legs,glutes
Wide_Stance_Stiff_Legs,lower back
Windmills,glutes
Windmills,hamstrings
Windmills,lower back
Worlds_Greatest_Stretch,calves
Worlds_Greatest_Stretch,glutes
Worlds_Greatest_Stretch,quadriceps
Wrist_Roller,shoulders
Yoke_Walk,abdominals
Yoke_Walk,abductors
Yoke_Walk,adductors
Yoke_Walk,calves
Yoke_Walk,glutes
Yoke_Walk,hamstrings
Yoke_Walk,lower back
Zercher_Squats,calves
Zercher_Squats,glutes
Zercher_Squats,hamstrings
Zottman_Curl,forearms
Zottman_Preacher_Curl,forearms
