exercise_slug,language_code,name
3_4_Sit-Up,en,3/4 Sit-Up
3_4_Sit-Up,vi,Gập bụng 3/4
90_90_Hamstring,en,90/90 Hamstring
90_90_Hamstring,vi,Tư thế 90/90 căng cơ gân kheo
Ab_Crunch_Machine,en,Ab Crunch Machine
Ab_Crunch_Machine,vi,Gập bụng máy
Ab_Roller,en,Ab Roller
Ab_Roller,vi,Lăn bánh tập bụng
Adductor,en,Adductor
Adductor,vi,Ép đùi trong
Adductor_Groin,en,Adductor/Groin
Adductor_Groin,vi,Khép đùi
Advanced_Kettlebell_Windmill,en,Advanced Kettlebell Windmill
Advanced_Kettlebell_Windmill,vi,Windmill Tạ Chuông Nâng Cao
Air_Bike,en,Air Bike
Air_Bike,vi,Xe đạp gió
All_Fours_Quad_Stretch,en,All Fours Quad Stretch
All_Fours_Quad_Stretch,vi,Kéo giãn cơ đùi trước tư thế quỳ 4 điểm
Alternate_Hammer_Curl,en,Alternate Hammer Curl
Alternate_Hammer_Curl,vi,Cuốn tạ búa luân phiên
Alternate_Heel_Touchers,en,Alternate Heel Touchers
Alternate_Heel_Touchers,vi,Chạm gót chân luân phiên
Alternate_Incline_Dumbbell_Curl,en,Alternate Incline Dumbbell Curl
Alternate_Incline_Dumbbell_Curl,vi,Cuốn tạ dốc luân phiên
Alternate_Leg_Diagonal_Bound,en,Alternate Leg Diagonal Bound
Alternate_Leg_Diagonal_Bound,vi,Nhảy bound chéo chân luân phiên
Alternating_Cable_Shoulder_Press,en,Alternating Cable Shoulder Press
Alternating_Cable_Shoulder_Press,vi,Đẩy vai cáp luân phiên
Alternating_Deltoid_Raise,en,Alternating Deltoid Raise
Alternating_Deltoid_Raise,vi,Nâng vai trước/ngang luân phiên
Alternating_Floor_Press,en,Alternating Floor Press
Alternating_Floor_Press,vi,Đẩy ngực sàn luân phiên
Alternating_Hang_Clean,en,Alternating Hang Clean
Alternating_Hang_Clean,vi,Nâng tạ đơn luân phiên
Alternating_Kettlebell_Press,en,Alternating Kettlebell Press
Alternating_Kettlebell_Press,vi,Đẩy tạ ấm luân phiên
Alternating_Kettlebell_Row,en,Alternating Kettlebell Row
Alternating_Kettlebell_Row,vi,Kéo tạ chuông luân phiên
Alternating_Renegade_Row,en,Alternating Renegade Row
Alternating_Renegade_Row,vi,Chèo tạ đổi tay
Ankle_Circles,en,Ankle Circles
Ankle_Circles,vi,Xoay mắt cá chân
Ankle_On_The_Knee,en,Ankle On The Knee
Ankle_On_The_Knee,vi,Mắt Cá Chân Trên Đầu Gối
Anterior_Tibialis-SMR,en,Anterior Tibialis-SMR
Anterior_Tibialis-SMR,vi,Massage cơ chày trước (SMR)
Anti-Gravity_Press,en,Anti-Gravity Press
Anti-Gravity_Press,vi,Đẩy ngược
Arm_Circles,en,Arm Circles
Arm_Circles,vi,Xoay cánh tay
Arnold_Dumbbell_Press,en,Arnold Dumbbell Press
Arnold_Dumbbell_Press,vi,Đẩy Vai Arnold
Around_The_Worlds,en,Around The Worlds
Around_The_Worlds,vi,Tập tạ quanh đầu
Atlas_Stone_Trainer,en,Atlas Stone Trainer
Atlas_Stone_Trainer,vi,Đá Atlas
Atlas_Stones,en,Atlas Stones
Atlas_Stones,vi,Đá Atlas
Axle_Deadlift,en,Axle Deadlift
Axle_Deadlift,vi,Kéo tạ thanh dày
Back_Flyes_-_With_Bands,en,Back Flyes - With Bands
Back_Flyes_-_With_Bands,vi,Bay sau với dây kháng lực
Backward_Drag,en,Backward Drag
Backward_Drag,vi,Kéo lùi
Backward_Medicine_Ball_Throw,en,Backward Medicine Ball Throw
Backward_Medicine_Ball_Throw,vi,Ném bóng tạ qua đầu ra sau
Balance_Board,en,Balance Board
Balance_Board,vi,Ván thăng bằng
Ball_Leg_Curl,en,Ball Leg Curl
Ball_Leg_Curl,vi,Gập đùi bóng
Band_Assisted_Pull-Up,en,Band Assisted Pull-Up
Band_Assisted_Pull-Up,vi,Kéo xà có dây kháng lực
Band_Good_Morning,en,Band Good Morning
Band_Good_Morning,vi,Gập người với dây kháng lực
Band_Good_Morning_Pull_Through,en,Band Good Morning (Pull Through)
Band_Good_Morning_Pull_Through,vi,Gập người chào buổi sáng với dây (Pull Through)
Band_Hip_Adductions,en,Band Hip Adductions
Band_Hip_Adductions,vi,Khép hông với dây
Band_Pull_Apart,en,Band Pull Apart
Band_Pull_Apart,vi,Kéo mở ngực với dây cao su
Band_Skull_Crusher,en,Band Skull Crusher
Band_Skull_Crusher,vi,Đẩy triceps nằm kháng lực dây
Barbell_Ab_Rollout,en,Barbell Ab Rollout
Barbell_Ab_Rollout,vi,Lăn tạ đòn gập bụng
Barbell_Ab_Rollout_-_On_Knees,en,Barbell Ab Rollout - On Knees
Barbell_Ab_Rollout_-_On_Knees,vi,Lăn tạ đòn quỳ gối
Barbell_Bench_Press_-_Medium_Grip,en,Barbell Bench Press - Medium Grip
Barbell_Bench_Press_-_Medium_Grip,vi,Đẩy ngực tạ đòn
Barbell_Curl,en,Barbell Curl
Barbell_Curl,vi,Cuốn tạ đòn
Barbell_Curls_Lying_Against_An_Incline,en,Barbell Curls Lying Against An Incline
Barbell_Curls_Lying_Against_An_Incline,vi,Cuốn tạ đòn nằm dốc
Barbell_Deadlift,en,Barbell Deadlift
Barbell_Deadlift,vi,Deadlift thanh đòn
Barbell_Full_Squat,en,Barbell Full Squat
Barbell_Full_Squat,vi,Squat gánh tạ
Barbell_Glute_Bridge,en,Barbell Glute Bridge
Barbell_Glute_Bridge,vi,Nâng hông tạ đòn
Barbell_Guillotine_Bench_Press,en,Barbell Guillotine Bench Press
Barbell_Guillotine_Bench_Press,vi,Đẩy ngực thanh đòn cổ họng
Barbell_Hack_Squat,en,Barbell Hack Squat
Barbell_Hack_Squat,vi,Squat gánh tạ
Barbell_Hip_Thrust,en,Barbell Hip Thrust
Barbell_Hip_Thrust,vi,Hip Thrust
Barbell_Incline_Bench_Press_-_Medium_Grip,en,Barbell Incline Bench Press - Medium Grip
Barbell_Incline_Bench_Press_-_Medium_Grip,vi,Đẩy ngực trên tạ đòn
Barbell_Incline_Shoulder_Raise,en,Barbell Incline Shoulder Raise
Barbell_Incline_Shoulder_Raise,vi,Nâng tạ đòn dốc trên
Barbell_Lunge,en,Barbell Lunge
Barbell_Lunge,vi,Tấn tạ đòn
Barbell_Rear_Delt_Row,en,Barbell Rear Delt Row
Barbell_Rear_Delt_Row,vi,Kéo tạ đòn vai sau
Barbell_Rollout_from_Bench,en,Barbell Rollout from Bench
Barbell_Rollout_from_Bench,vi,Lăn tạ đòn trên ghế
Barbell_Seated_Calf_Raise,en,Barbell Seated Calf Raise
Barbell_Seated_Calf_Raise,vi,Tăng bắp chân ngồi với tạ đòn
Barbell_Shoulder_Press,en,Barbell Shoulder Press
Barbell_Shoulder_Press,vi,Đẩy vai tạ đòn
Barbell_Shrug,en,Barbell Shrug
Barbell_Shrug,vi,Nhún vai tạ đòn
Barbell_Shrug_Behind_The_Back,en,Barbell Shrug Behind The Back
Barbell_Shrug_Behind_The_Back,vi,Nhún vai tạ đòn sau lưng
Barbell_Side_Bend,en,Barbell Side Bend
Barbell_Side_Bend,vi,Nghiêng lườn tạ đòn
Barbell_Side_Split_Squat,en,Barbell Side Split Squat
Barbell_Side_Split_Squat,vi,Squat một chân ngang với tạ đòn
Barbell_Squat,en,Barbell Squat
Barbell_Squat,vi,Gánh tạ đòn
Barbell_Squat_To_A_Bench,en,Barbell Squat To A Bench
Barbell_Squat_To_A_Bench,vi,Squat Thanh Tạ Chạm Ghế
Barbell_Step_Ups,en,Barbell Step Ups
Barbell_Step_Ups,vi,Bước lên ghế tạ đòn
Barbell_Walking_Lunge,en,Barbell Walking Lunge
Barbell_Walking_Lunge,vi,Gập gối tạ đòn đi bộ
Battling_Ropes,en,Battling Ropes
Battling_Ropes,vi,Tập dây thừng
Bear_Crawl_Sled_Drags,en,Bear Crawl Sled Drags
Bear_Crawl_Sled_Drags,vi,Kéo tạ bằng bò gấu
Behind_Head_Chest_Stretch,en,Behind Head Chest Stretch
Behind_Head_Chest_Stretch,vi,Kéo giãn ngực sau đầu
Bench_Dips,en,Bench Dips
Bench_Dips,vi,Nhúng người ghế sau
Bench_Jump,en,Bench Jump
Bench_Jump,vi,Nhảy bục
Bench_Press_-_Powerlifting,en,Bench Press - Powerlifting
Bench_Press_-_Powerlifting,vi,Đẩy ngực
Bench_Press_-_With_Bands,en,Bench Press - With Bands
Bench_Press_-_With_Bands,vi,Đẩy ngực với dây kháng lực
Bench_Press_with_Chains,en,Bench Press with Chains
Bench_Press_with_Chains,vi,Đẩy ngực với dây xích
Bench_Sprint,en,Bench Sprint
Bench_Sprint,vi,Chạy nước rút trên ghế
Bent-Arm_Barbell_Pullover,en,Bent-Arm Barbell Pullover
Bent-Arm_Barbell_Pullover,vi,Kéo tạ qua đầu tay gập
Bent-Arm_Dumbbell_Pullover,en,Bent-Arm Dumbbell Pullover
Bent-Arm_Dumbbell_Pullover,vi,Kéo tạ đôi qua đầu
Bent-Knee_Hip_Raise,en,Bent-Knee Hip Raise
Bent-Knee_Hip_Raise,vi,Nâng hông gối gập
Bent_Over_Barbell_Row,en,Bent Over Barbell Row
Bent_Over_Barbell_Row,vi,Kéo tạ đòn cúi người
Bent_Over_Dumbbell_Rear_Delt_Raise_With_Head_On_Bench,en,Bent Over Dumbbell Rear Delt Raise With Head On Bench
Bent_Over_Dumbbell_Rear_Delt_Raise_With_Head_On_Bench,vi,Bay vai sau cúi người kê đầu
Bent_Over_Low-Pulley_Side_Lateral,en,Bent Over Low-Pulley Side Lateral
Bent_Over_Low-Pulley_Side_Lateral,vi,Bay vai cúi người cáp thấp
Bent_Over_One-Arm_Long_Bar_Row,en,Bent Over One-Arm Long Bar Row
Bent_Over_One-Arm_Long_Bar_Row,vi,Kéo tạ một tay cúi người (thanh dài)
Bent_Over_Two-Arm_Long_Bar_Row,en,Bent Over Two-Arm Long Bar Row
Bent_Over_Two-Arm_Long_Bar_Row,vi,Kéo tạ đòn dài cúi người
Bent_Over_Two-Dumbbell_Row,en,Bent Over Two-Dumbbell Row
Bent_Over_Two-Dumbbell_Row,vi,Kéo tạ đơn cúi người
Bent_Over_Two-Dumbbell_Row_With_Palms_In,en,Bent Over Two-Dumbbell Row With Palms In
Bent_Over_Two-Dumbbell_Row_With_Palms_In,vi,Kéo tạ đơn cúi người tay nắm ngửa
Bent_Press,en,Bent Press
Bent_Press,vi,Đẩy Cong
Bicycling,en,Bicycling
Bicycling,vi,Đạp xe
Bicycling_Stationary,en,"Bicycling, Stationary"
Bicycling_Stationary,vi,Đạp xe cố định
Board_Press,en,Board Press
Board_Press,vi,Đẩy ngực trên ván
Body-Up,en,Body-Up
Body-Up,vi,Tập nâng thân
Body_Tricep_Press,en,Body Tricep Press
Body_Tricep_Press,vi,Ép tay sau đứng
Bodyweight_Flyes,en,Bodyweight Flyes
Bodyweight_Flyes,vi,Bay ngực bodyweight
Bodyweight_Mid_Row,en,Bodyweight Mid Row
Bodyweight_Mid_Row,vi,Kéo lưng ngang thân người
Bodyweight_Squat,en,Bodyweight Squat
Bodyweight_Squat,vi,Squat
Bodyweight_Walking_Lunge,en,Bodyweight Walking Lunge
Bodyweight_Walking_Lunge,vi,Đi bộ chùng chân không tạ
Bosu_Ball_Cable_Crunch_With_Side_Bends,en,Bosu Ball Cable Crunch With Side Bends
Bosu_Ball_Cable_Crunch_With_Side_Bends,vi,Gập bụng cáp trên Bosu kết hợp gập lườn
Bottoms-Up_Clean_From_The_Hang_Position,en,Bottoms-Up Clean From The Hang Position
Bottoms-Up_Clean_From_The_Hang_Position,vi,Clean Ngửa Chuông Treo
Bottoms_Up,en,Bottoms Up
Bottoms_Up,vi,Ép ngược
Box_Jump_Multiple_Response,en,Box Jump (Multiple Response)
Box_Jump_Multiple_Response,vi,Nhảy hộp
Box_Skip,en,Box Skip
Box_Skip,vi,Nhảy hộp
Box_Squat,en,Box Squat
Box_Squat,vi,Squat với hộp
Box_Squat_with_Bands,en,Box Squat with Bands
Box_Squat_with_Bands,vi,Squat Hộp có Dây Kháng Lực
Box_Squat_with_Chains,en,Box Squat with Chains
Box_Squat_with_Chains,vi,Squat hộp với xích
Brachialis-SMR,en,Brachialis-SMR
Brachialis-SMR,vi,Thả lỏng cơ cánh tay
Bradford_Rocky_Presses,en,Bradford/Rocky Presses
Bradford_Rocky_Presses,vi,Đẩy vai
Butt-Ups,en,Butt-Ups
Butt-Ups,vi,Nâng mông
Butt_Lift_Bridge,en,Butt Lift (Bridge)
Butt_Lift_Bridge,vi,Nâng hông (Bridge)
Butterfly,en,Butterfly
Butterfly,vi,Ép ngực (Butterfly)
Cable_Chest_Press,en,Cable Chest Press
Cable_Chest_Press,vi,Đẩy ngực cáp
Cable_Crossover,en,Cable Crossover
Cable_Crossover,vi,Ép ngực cáp
Cable_Crunch,en,Cable Crunch
Cable_Crunch,vi,Gập bụng cáp
Cable_Deadlifts,en,Cable Deadlifts
Cable_Deadlifts,vi,Kéo cáp đứng
Cable_Hammer_Curls_-_Rope_Attachment,en,Cable Hammer Curls - Rope Attachment
Cable_Hammer_Curls_-_Rope_Attachment,vi,Cuốn tạ cáp búa dây thừng
Cable_Hip_Adduction,en,Cable Hip Adduction
Cable_Hip_Adduction,vi,Khép hông cáp
Cable_Incline_Pushdown,en,Cable Incline Pushdown
Cable_Incline_Pushdown,vi,Đẩy cáp dốc xuống
Cable_Incline_Triceps_Extension,en,Cable Incline Triceps Extension
Cable_Incline_Triceps_Extension,vi,Đẩy Tay Sau Cáp Trên Ghế Dốc
Cable_Internal_Rotation,en,Cable Internal Rotation
Cable_Internal_Rotation,vi,Xoay vai trong cáp
Cable_Iron_Cross,en,Cable Iron Cross
Cable_Iron_Cross,vi,Ép ngực cáp
Cable_Judo_Flip,en,Cable Judo Flip
Cable_Judo_Flip,vi,Lật tạ cáp
Cable_Lying_Triceps_Extension,en,Cable Lying Triceps Extension
Cable_Lying_Triceps_Extension,vi,Đạp Dây Thẳng Nằm
Cable_One_Arm_Tricep_Extension,en,Cable One Arm Tricep Extension
Cable_One_Arm_Tricep_Extension,vi,Đẩy cáp duỗi tay sau 1 bên
Cable_Preacher_Curl,en,Cable Preacher Curl
Cable_Preacher_Curl,vi,Cuốn tay trước cáp trên ghế dốc
Cable_Rear_Delt_Fly,en,Cable Rear Delt Fly
Cable_Rear_Delt_Fly,vi,Bay vai sau cáp
Cable_Reverse_Crunch,en,Cable Reverse Crunch
Cable_Reverse_Crunch,vi,Gập bụng ngược cáp
Cable_Rope_Overhead_Triceps_Extension,en,Cable Rope Overhead Triceps Extension
Cable_Rope_Overhead_Triceps_Extension,vi,Đẩy tạ cáp duỗi tay qua đầu (Tập tay sau)
Cable_Rope_Rear-Delt_Rows,en,Cable Rope Rear-Delt Rows
Cable_Rope_Rear-Delt_Rows,vi,Kéo cáp cơ vai sau
Cable_Russian_Twists,en,Cable Russian Twists
Cable_Russian_Twists,vi,Xoay người cáp
Cable_Seated_Crunch,en,Cable Seated Crunch
Cable_Seated_Crunch,vi,Gập bụng cáp ngồi
Cable_Seated_Lateral_Raise,en,Cable Seated Lateral Raise
Cable_Seated_Lateral_Raise,vi,Nâng vai bên cáp ngồi
Cable_Shoulder_Press,en,Cable Shoulder Press
Cable_Shoulder_Press,vi,Đẩy vai cáp
Cable_Shrugs,en,Cable Shrugs
Cable_Shrugs,vi,Nhún vai cáp
Cable_Wrist_Curl,en,Cable Wrist Curl
Cable_Wrist_Curl,vi,Cuộn cổ tay cáp
Calf-Machine_Shoulder_Shrug,en,Calf-Machine Shoulder Shrug
Calf-Machine_Shoulder_Shrug,vi,Nhún vai máy tập bắp chân
Calf_Press,en,Calf Press
Calf_Press,vi,Đẩy bắp chuối
Calf_Press_On_The_Leg_Press_Machine,en,Calf Press On The Leg Press Machine
Calf_Press_On_The_Leg_Press_Machine,vi,Đẩy bắp chân máy Leg Press
Calf_Raise_On_A_Dumbbell,en,Calf Raise On A Dumbbell
Calf_Raise_On_A_Dumbbell,vi,Nhón gót với tạ đơn
Calf_Raises_-_With_Bands,en,Calf Raises - With Bands
Calf_Raises_-_With_Bands,vi,Nhón gót với dây kháng lực
Calf_Stretch_Elbows_Against_Wall,en,Calf Stretch Elbows Against Wall
Calf_Stretch_Elbows_Against_Wall,vi,Kéo giãn bắp chân áp tường
Calf_Stretch_Hands_Against_Wall,en,Calf Stretch Hands Against Wall
Calf_Stretch_Hands_Against_Wall,vi,Kéo giãn bắp chân dựa tường
Calves-SMR,en,Calves-SMR
Calves-SMR,vi,Giải phóng cơ bắp chân
Car_Deadlift,en,Car Deadlift
Car_Deadlift,vi,Kéo ô tô
Car_Drivers,en,Car Drivers
Car_Drivers,vi,Xoay đĩa tạ
Carioca_Quick_Step,en,Carioca Quick Step
Carioca_Quick_Step,vi,Bước chéo nhanh
Cat_Stretch,en,Cat Stretch
Cat_Stretch,vi,Tư thế Mèo duỗi lưng
Catch_and_Overhead_Throw,en,Catch and Overhead Throw
Catch_and_Overhead_Throw,vi,Ném bóng qua đầu và bắt
Chain_Handle_Extension,en,Chain Handle Extension
Chain_Handle_Extension,vi,Đá tay sau cáp
Chain_Press,en,Chain Press
Chain_Press,vi,Đẩy tạ xích
Chair_Leg_Extended_Stretch,en,Chair Leg Extended Stretch
Chair_Leg_Extended_Stretch,vi,Duỗi chân trên ghế
Chair_Lower_Back_Stretch,en,Chair Lower Back Stretch
Chair_Lower_Back_Stretch,vi,Căng giãn lưng dưới ngồi ghế
Chair_Squat,en,Chair Squat
Chair_Squat,vi,Squat ghế
Chair_Upper_Body_Stretch,en,Chair Upper Body Stretch
Chair_Upper_Body_Stretch,vi,Căng cơ thân trên trên ghế
Chest_And_Front_Of_Shoulder_Stretch,en,Chest And Front Of Shoulder Stretch
Chest_And_Front_Of_Shoulder_Stretch,vi,Căng ngực và vai trước
Chest_Push_from_3_point_stance,en,Chest Push from 3 point stance
Chest_Push_from_3_point_stance,vi,Đẩy Ngực Tư Thế 3 Điểm
Chest_Push_multiple_response,en,Chest Push (multiple response)
Chest_Push_multiple_response,vi,Đẩy ngực
Chest_Push_single_response,en,Chest Push (single response)
Chest_Push_single_response,vi,Đẩy ngực
Chest_Push_with_Run_Release,en,Chest Push with Run Release
Chest_Push_with_Run_Release,vi,Đẩy Ngực Chạy Lên
Chest_Stretch_on_Stability_Ball,en,Chest Stretch on Stability Ball
Chest_Stretch_on_Stability_Ball,vi,Kéo giãn ngực trên bóng
Childs_Pose,en,Child's Pose
Childs_Pose,vi,Tư thế Em Bé
Chin-Up,en,Chin-Up
Chin-Up,vi,Kéo xà tay hẹp
Chin_To_Chest_Stretch,en,Chin To Chest Stretch
Chin_To_Chest_Stretch,vi,Kéo giãn cổ cằm chạm ngực
Circus_Bell,en,Circus Bell
Circus_Bell,vi,Tạ Chuông Rạp Xiếc
Clean,en,Clean
Clean,vi,Cử giật
Clean_Deadlift,en,Clean Deadlift
Clean_Deadlift,vi,Tập cử tạ
Clean_Pull,en,Clean Pull
Clean_Pull,vi,Kéo Thanh Clean
Clean_Shrug,en,Clean Shrug
Clean_Shrug,vi,Nhún vai
Clean_and_Jerk,en,Clean and Jerk
Clean_and_Jerk,vi,cử đẩy
Clean_and_Press,en,Clean and Press
Clean_and_Press,vi,Đẩy tạ giật
Clean_from_Blocks,en,Clean from Blocks
Clean_from_Blocks,vi,Clean Khởi Đi Từ Cục
Clock_Push-Up,en,Clock Push-Up
Clock_Push-Up,vi,Hít đất đồng hồ
Close-Grip_Barbell_Bench_Press,en,Close-Grip Barbell Bench Press
Close-Grip_Barbell_Bench_Press,vi,Đẩy Ngực Thanh Tạ Tay Hẹp
Close-Grip_Dumbbell_Press,en,Close-Grip Dumbbell Press
Close-Grip_Dumbbell_Press,vi,Đẩy ngực ngang tay hẹp bằng tạ đơn
Close-Grip_EZ-Bar_Curl_with_Band,en,Close-Grip EZ-Bar Curl with Band
Close-Grip_EZ-Bar_Curl_with_Band,vi,Cuốn tay trước EZ-Bar Khép tay với dây kháng lực
Close-Grip_EZ-Bar_Press,en,Close-Grip EZ-Bar Press
Close-Grip_EZ-Bar_Press,vi,Đẩy ngực tay hẹp thanh EZ
Close-Grip_EZ_Bar_Curl,en,Close-Grip EZ Bar Curl
Close-Grip_EZ_Bar_Curl,vi,Cuốn tay trước thanh EZ hẹp
Close-Grip_Front_Lat_Pulldown,en,Close-Grip Front Lat Pulldown
Close-Grip_Front_Lat_Pulldown,vi,Kéo xô tay hẹp
Close-Grip_Push-Up_off_of_a_Dumbbell,en,Close-Grip Push-Up off of a Dumbbell
Close-Grip_Push-Up_off_of_a_Dumbbell,vi,Hít đất tay hẹp với tạ đơn
Close-Grip_Standing_Barbell_Curl,en,Close-Grip Standing Barbell Curl
Close-Grip_Standing_Barbell_Curl,vi,Cuốn tay đòn đứng hẹp tay
Cocoons,en,Cocoons
Cocoons,vi,Cái kén
Conans_Wheel,en,Conan's Wheel
Conans_Wheel,vi,Vòng quay Conan
Concentration_Curls,en,Concentration Curls
Concentration_Curls,vi,Cuốn tạ tập trung
Cross-Body_Crunch,en,Cross-Body Crunch
Cross-Body_Crunch,vi,Gập bụng chéo
Cross_Body_Hammer_Curl,en,Cross Body Hammer Curl
Cross_Body_Hammer_Curl,vi,Cuốn tạ búa chéo thân
Cross_Over_-_With_Bands,en,Cross Over - With Bands
Cross_Over_-_With_Bands,vi,Đẩy ngực chéo với dây kháng lực
Crossover_Reverse_Lunge,en,Crossover Reverse Lunge
Crossover_Reverse_Lunge,vi,Lunge Ngược Chéo
Crucifix,en,Crucifix
Crucifix,vi,Bay ngực
Crunch_-_Hands_Overhead,en,Crunch - Hands Overhead
Crunch_-_Hands_Overhead,vi,Gập bụng tay qua đầu
Crunch_-_Legs_On_Exercise_Ball,en,Crunch - Legs On Exercise Ball
Crunch_-_Legs_On_Exercise_Ball,vi,Gập bụng kê chân bóng
Crunches,en,Crunches
Crunches,vi,Gập bụng
Cuban_Press,en,Cuban Press
Cuban_Press,vi,Nhấn tạ kiểu Cuba
Dancers_Stretch,en,Dancer's Stretch
Dancers_Stretch,vi,Căng cơ vũ công
Dead_Bug,en,Dead Bug
Dead_Bug,vi,Tư thế con bọ chết
Deadlift_with_Bands,en,Deadlift with Bands
Deadlift_with_Bands,vi,Kéo tạ chân với dây kháng lực
Deadlift_with_Chains,en,Deadlift with Chains
Deadlift_with_Chains,vi,Kéo tạ chân với xích
Decline_Barbell_Bench_Press,en,Decline Barbell Bench Press
Decline_Barbell_Bench_Press,vi,Đẩy Ngực Dưới Tạ Đòn
Decline_Close-Grip_Bench_To_Skull_Crusher,en,Decline Close-Grip Bench To Skull Crusher
Decline_Close-Grip_Bench_To_Skull_Crusher,vi,Đẩy ngực dốc xuống hẹp kết hợp duỗi tay sau
Decline_Crunch,en,Decline Crunch
Decline_Crunch,vi,Gập bụng ghế dốc xuống
Decline_Dumbbell_Bench_Press,en,Decline Dumbbell Bench Press
Decline_Dumbbell_Bench_Press,vi,Đẩy ngực dưới tạ đơn
Decline_Dumbbell_Flyes,en,Decline Dumbbell Flyes
Decline_Dumbbell_Flyes,vi,Bay tạ dốc xuống
Decline_Dumbbell_Triceps_Extension,en,Decline Dumbbell Triceps Extension
Decline_Dumbbell_Triceps_Extension,vi,Duỗi tay sau tạ đơn ghế dốc xuống
Decline_EZ_Bar_Triceps_Extension,en,Decline EZ Bar Triceps Extension
Decline_EZ_Bar_Triceps_Extension,vi,Đẩy tạ tay sau dốc xuống
Decline_Oblique_Crunch,en,Decline Oblique Crunch
Decline_Oblique_Crunch,vi,Gập bụng nghiêng trên ghế dốc xuống
Decline_Push-Up,en,Decline Push-Up
Decline_Push-Up,vi,Hít đất dốc xuống
Decline_Reverse_Crunch,en,Decline Reverse Crunch
Decline_Reverse_Crunch,vi,Gập bụng ngược trên ghế dốc
Decline_Smith_Press,en,Decline Smith Press
Decline_Smith_Press,vi,Đẩy ngực dưới máy Smith
Deficit_Deadlift,en,Deficit Deadlift
Deficit_Deadlift,vi,Deadlift Chênh Lệch
Depth_Jump_Leap,en,Depth Jump Leap
Depth_Jump_Leap,vi,Nhảy sâu bật cao
Dip_Machine,en,Dip Machine
Dip_Machine,vi,Tập Dip bằng máy
Dips_-_Chest_Version,en,Dips - Chest Version
Dips_-_Chest_Version,vi,Nhún người ngực
Dips_-_Triceps_Version,en,Dips - Triceps Version
Dips_-_Triceps_Version,vi,Nhúng tay sau (Dips)
Donkey_Calf_Raises,en,Donkey Calf Raises
Donkey_Calf_Raises,vi,Nhón gót lưng gập
Double_Kettlebell_Alternating_Hang_Clean,en,Double Kettlebell Alternating Hang Clean
Double_Kettlebell_Alternating_Hang_Clean,vi,Nhảy Cử Tạ Chuông Đôi Luân Phiên (Treo)
Double_Kettlebell_Jerk,en,Double Kettlebell Jerk
Double_Kettlebell_Jerk,vi,Đẩy tạ chuông đôi
Double_Kettlebell_Push_Press,en,Double Kettlebell Push Press
Double_Kettlebell_Push_Press,vi,Đẩy tạ ấm đôi
Double_Kettlebell_Snatch,en,Double Kettlebell Snatch
Double_Kettlebell_Snatch,vi,Giật Tạ Chuông Đôi
Double_Kettlebell_Windmill,en,Double Kettlebell Windmill
Double_Kettlebell_Windmill,vi,Gập người cối xay gió tạ chuông đôi
Double_Leg_Butt_Kick,en,Double Leg Butt Kick
Double_Leg_Butt_Kick,vi,Đá gót chạm mông hai chân
Downward_Facing_Balance,en,Downward Facing Balance
Downward_Facing_Balance,vi,Thăng bằng úp mặt
Drag_Curl,en,Drag Curl
Drag_Curl,vi,Cuốn tạ sát thân
Drop_Push,en,Drop Push
Drop_Push,vi,Hạ Đẩy
Dumbbell_Alternate_Bicep_Curl,en,Dumbbell Alternate Bicep Curl
Dumbbell_Alternate_Bicep_Curl,vi,Cuốn tay trước luân phiên tạ đơn
Dumbbell_Bench_Press,en,Dumbbell Bench Press
Dumbbell_Bench_Press,vi,Đẩy ngực tạ đơn
Dumbbell_Bench_Press_with_Neutral_Grip,en,Dumbbell Bench Press with Neutral Grip
Dumbbell_Bench_Press_with_Neutral_Grip,vi,Đẩy ngực tạ đơn trung tính
Dumbbell_Bicep_Curl,en,Dumbbell Bicep Curl
Dumbbell_Bicep_Curl,vi,Cuốn tạ tay
Dumbbell_Clean,en,Dumbbell Clean
Dumbbell_Clean,vi,Dumbbell Clean
Dumbbell_Floor_Press,en,Dumbbell Floor Press
Dumbbell_Floor_Press,vi,Đẩy ngực nằm sàn tạ đơn
Dumbbell_Flyes,en,Dumbbell Flyes
Dumbbell_Flyes,vi,Bay ngực tạ đơn
Dumbbell_Incline_Row,en,Dumbbell Incline Row
Dumbbell_Incline_Row,vi,Kéo tạ đơn dốc
Dumbbell_Incline_Shoulder_Raise,en,Dumbbell Incline Shoulder Raise
Dumbbell_Incline_Shoulder_Raise,vi,Nâng vai dốc với tạ đơn
Dumbbell_Lunges,en,Dumbbell Lunges
Dumbbell_Lunges,vi,Bước gập gối tạ tay
Dumbbell_Lying_One-Arm_Rear_Lateral_Raise,en,Dumbbell Lying One-Arm Rear Lateral Raise
Dumbbell_Lying_One-Arm_Rear_Lateral_Raise,vi,Nằm một tay bay vai sau
Dumbbell_Lying_Pronation,en,Dumbbell Lying Pronation
Dumbbell_Lying_Pronation,vi,Nằm sấp xoay cẳng tay với tạ đơn
Dumbbell_Lying_Rear_Lateral_Raise,en,Dumbbell Lying Rear Lateral Raise
Dumbbell_Lying_Rear_Lateral_Raise,vi,Bay vai sau nằm tạ đơn
Dumbbell_Lying_Supination,en,Dumbbell Lying Supination
Dumbbell_Lying_Supination,vi,Nằm ngửa cuốn tạ ngửa tay
Dumbbell_One-Arm_Shoulder_Press,en,Dumbbell One-Arm Shoulder Press
Dumbbell_One-Arm_Shoulder_Press,vi,Đẩy vai đơn tay tạ đơn
Dumbbell_One-Arm_Triceps_Extension,en,Dumbbell One-Arm Triceps Extension
Dumbbell_One-Arm_Triceps_Extension,vi,Gập tay sau tạ đơn 1 tay
Dumbbell_One-Arm_Upright_Row,en,Dumbbell One-Arm Upright Row
Dumbbell_One-Arm_Upright_Row,vi,Kéo vai trước tạ đơn một tay
Dumbbell_Prone_Incline_Curl,en,Dumbbell Prone Incline Curl
Dumbbell_Prone_Incline_Curl,vi,Cuốn tạ nằm sấp ghế dốc
Dumbbell_Raise,en,Dumbbell Raise
Dumbbell_Raise,vi,Nâng tạ tay
Dumbbell_Rear_Lunge,en,Dumbbell Rear Lunge
Dumbbell_Rear_Lunge,vi,Quỳ gối sau tạ đơn
Dumbbell_Scaption,en,Dumbbell Scaption
Dumbbell_Scaption,vi,Nâng tạ Scaption
Dumbbell_Seated_Box_Jump,en,Dumbbell Seated Box Jump
Dumbbell_Seated_Box_Jump,vi,Nhảy hộp ngồi tạ đơn
Dumbbell_Seated_One-Leg_Calf_Raise,en,Dumbbell Seated One-Leg Calf Raise
Dumbbell_Seated_One-Leg_Calf_Raise,vi,Nhón gót một chân ngồi với tạ đơn
Dumbbell_Shoulder_Press,en,Dumbbell Shoulder Press
Dumbbell_Shoulder_Press,vi,Đẩy Vai Tạ Đơn
Dumbbell_Shrug,en,Dumbbell Shrug
Dumbbell_Shrug,vi,Nhún cầu vai
Dumbbell_Side_Bend,en,Dumbbell Side Bend
Dumbbell_Side_Bend,vi,Nghiêng người tạ đơn
Dumbbell_Squat,en,Dumbbell Squat
Dumbbell_Squat,vi,Squat với tạ đơn
Dumbbell_Squat_To_A_Bench,en,Dumbbell Squat To A Bench
Dumbbell_Squat_To_A_Bench,vi,Squat Tạ Đơn Với Ghế
Dumbbell_Step_Ups,en,Dumbbell Step Ups
Dumbbell_Step_Ups,vi,Bước lên ghế với tạ đơn
Dumbbell_Tricep_Extension_-Pronated_Grip,en,Dumbbell Tricep Extension -Pronated Grip
Dumbbell_Tricep_Extension_-Pronated_Grip,vi,Đẩy tạ đơn duỗi tay sau (nghiêng sấp)
Dynamic_Back_Stretch,en,Dynamic Back Stretch
Dynamic_Back_Stretch,vi,Kéo giãn lưng động
Dynamic_Chest_Stretch,en,Dynamic Chest Stretch
Dynamic_Chest_Stretch,vi,Kéo giãn ngực động
EZ-Bar_Curl,en,EZ-Bar Curl
EZ-Bar_Curl,vi,Cuốn tay trước thanh EZ
EZ-Bar_Skullcrusher,en,EZ-Bar Skullcrusher
EZ-Bar_Skullcrusher,vi,Duỗi tay sau tạ Ziczac
Elbow_Circles,en,Elbow Circles
Elbow_Circles,vi,Xoay khuỷu tay
Elbow_to_Knee,en,Elbow to Knee
Elbow_to_Knee,vi,Gập bụng chéo
Elbows_Back,en,Elbows Back
Elbows_Back,vi,Kéo khuỷu tay ra sau
Elevated_Back_Lunge,en,Elevated Back Lunge
Elevated_Back_Lunge,vi,Lunge bước sau trên bục
Elevated_Cable_Rows,en,Elevated Cable Rows
Elevated_Cable_Rows,vi,Kéo cáp lưng cao
Elliptical_Trainer,en,Elliptical Trainer
Elliptical_Trainer,vi,Máy chạy bộ trên không
Exercise_Ball_Crunch,en,Exercise Ball Crunch
Exercise_Ball_Crunch,vi,Gập bụng bóng
Exercise_Ball_Pull-In,en,Exercise Ball Pull-In
Exercise_Ball_Pull-In,vi,Gập bụng với bóng
Extended_Range_One-Arm_Kettlebell_Floor_Press,en,Extended Range One-Arm Kettlebell Floor Press
Extended_Range_One-Arm_Kettlebell_Floor_Press,vi,Đẩy tạ chuông nằm sàn 1 tay mở rộng biên độ
External_Rotation,en,External Rotation
External_Rotation,vi,Xoay ngoài
External_Rotation_with_Band,en,External Rotation with Band
External_Rotation_with_Band,vi,Xoay ngoài vai với dây kháng lực
External_Rotation_with_Cable,en,External Rotation with Cable
External_Rotation_with_Cable,vi,Xoay ngoài cáp
Face_Pull,en,Face Pull
Face_Pull,vi,Kéo mặt
Farmers_Walk,en,Farmer's Walk
Farmers_Walk,vi,Đi bộ xách tạ
Fast_Skipping,en,Fast Skipping
Fast_Skipping,vi,Nhảy dây nhanh
Finger_Curls,en,Finger Curls
Finger_Curls,vi,Cuộn ngón tay
Flat_Bench_Cable_Flyes,en,Flat Bench Cable Flyes
Flat_Bench_Cable_Flyes,vi,Ép ngực cáp ngang
Flat_Bench_Leg_Pull-In,en,Flat Bench Leg Pull-In
Flat_Bench_Leg_Pull-In,vi,Kéo gối trên ghế phẳng
Flat_Bench_Lying_Leg_Raise,en,Flat Bench Lying Leg Raise
Flat_Bench_Lying_Leg_Raise,vi,Nâng chân nằm ghế phẳng
Flexor_Incline_Dumbbell_Curls,en,Flexor Incline Dumbbell Curls
Flexor_Incline_Dumbbell_Curls,vi,Cuốn tạ đơn ghế dốc
Floor_Glute-Ham_Raise,en,Floor Glute-Ham Raise
Floor_Glute-Ham_Raise,vi,Gập đùi sau nằm sàn
Floor_Press,en,Floor Press
Floor_Press,vi,Đẩy ngực nằm sàn
Floor_Press_with_Chains,en,Floor Press with Chains
Floor_Press_with_Chains,vi,Đẩy Ngực Sàn Dây Xích
Flutter_Kicks,en,Flutter Kicks
Flutter_Kicks,vi,Đá chân cắt kéo
Foot-SMR,en,Foot-SMR
Foot-SMR,vi,Lăn chân
Forward_Drag_with_Press,en,Forward Drag with Press
Forward_Drag_with_Press,vi,Kéo tạ bước tiến kết hợp đẩy tạ
Frankenstein_Squat,en,Frankenstein Squat
Frankenstein_Squat,vi,Squat tay thẳng
Freehand_Jump_Squat,en,Freehand Jump Squat
Freehand_Jump_Squat,vi,Nhảy Squat
Frog_Hops,en,Frog Hops
Frog_Hops,vi,Nhảy ếch
Frog_Sit-Ups,en,Frog Sit-Ups
Frog_Sit-Ups,vi,Gập bụng ếch
Front_Barbell_Squat,en,Front Barbell Squat
Front_Barbell_Squat,vi,Squat trước với tạ đòn
Front_Barbell_Squat_To_A_Bench,en,Front Barbell Squat To A Bench
Front_Barbell_Squat_To_A_Bench,vi,Squat Trước Tạ Đòn Chạm Ghế
Front_Box_Jump,en,Front Box Jump
Front_Box_Jump,vi,Nhảy hộp về phía trước
Front_Cable_Raise,en,Front Cable Raise
Front_Cable_Raise,vi,Kéo cáp vai trước
Front_Cone_Hops_or_hurdle_hops,en,Front Cone Hops (or hurdle hops)
Front_Cone_Hops_or_hurdle_hops,vi,Nhảy vượt chướng ngại vật phía trước
Front_Dumbbell_Raise,en,Front Dumbbell Raise
Front_Dumbbell_Raise,vi,Nâng tạ đơn vai trước
Front_Incline_Dumbbell_Raise,en,Front Incline Dumbbell Raise
Front_Incline_Dumbbell_Raise,vi,Nâng tạ đôi trước mặt ghế dốc
Front_Leg_Raises,en,Front Leg Raises
Front_Leg_Raises,vi,Nâng chân trước
Front_Plate_Raise,en,Front Plate Raise
Front_Plate_Raise,vi,Nâng tạ đĩa trước
Front_Raise_And_Pullover,en,Front Raise And Pullover
Front_Raise_And_Pullover,vi,Nâng tạ trước và kéo tạ qua đầu
Front_Squat_Clean_Grip,en,Front Squat (Clean Grip)
Front_Squat_Clean_Grip,vi,Squat trước (Cầm Clean)
Front_Squats_With_Two_Kettlebells,en,Front Squats With Two Kettlebells
Front_Squats_With_Two_Kettlebells,vi,Squat trước với 2 tạ chuông
Front_Two-Dumbbell_Raise,en,Front Two-Dumbbell Raise
Front_Two-Dumbbell_Raise,vi,Nâng tạ đôi phía trước
Full_Range-Of-Motion_Lat_Pulldown,en,Full Range-Of-Motion Lat Pulldown
Full_Range-Of-Motion_Lat_Pulldown,vi,Kéo xô hết biên độ
Gironda_Sternum_Chins,en,Gironda Sternum Chins
Gironda_Sternum_Chins,vi,Kéo xô chạm ngực
Glute_Ham_Raise,en,Glute Ham Raise
Glute_Ham_Raise,vi,Gập đùi sau
Glute_Kickback,en,Glute Kickback
Glute_Kickback,vi,Đá mông sau
Goblet_Squat,en,Goblet Squat
Goblet_Squat,vi,Squat gánh tạ trước (Goblet)
Good_Morning,en,Good Morning
Good_Morning,vi,Chào buổi sáng
Good_Morning_off_Pins,en,Good Morning off Pins
Good_Morning_off_Pins,vi,Gập người chào buổi sáng
Gorilla_Chin_Crunch,en,Gorilla Chin/Crunch
Gorilla_Chin_Crunch,vi,Kéo xà Gập bụng
Groin_and_Back_Stretch,en,Groin and Back Stretch
Groin_and_Back_Stretch,vi,Căng cơ háng và lưng
Groiners,en,Groiners
Groiners,vi,Nhảy mở chân
Hack_Squat,en,Hack Squat
Hack_Squat,vi,Hack Squat
Hammer_Curls,en,Hammer Curls
Hammer_Curls,vi,Cuốn tạ búa
Hammer_Grip_Incline_DB_Bench_Press,en,Hammer Grip Incline DB Bench Press
Hammer_Grip_Incline_DB_Bench_Press,vi,Đẩy ngực trên với tạ đơn tay búa
Hamstring-SMR,en,Hamstring-SMR
Hamstring-SMR,vi,Lăn cơ đùi sau
Hamstring_Stretch,en,Hamstring Stretch
Hamstring_Stretch,vi,Kéo giãn gân kheo
Handstand_Push-Ups,en,Handstand Push-Ups
Handstand_Push-Ups,vi,Chống đẩy trồng chuối
Hang_Clean,en,Hang Clean
Hang_Clean,vi,Nhấc tạ treo
Hang_Clean_-_Below_the_Knees,en,Hang Clean - Below the Knees
Hang_Clean_-_Below_the_Knees,vi,Tư thế đứng đẩy tạ sạch - Dưới đầu gối
Hang_Snatch,en,Hang Snatch
Hang_Snatch,vi,Tư thế giật tạ trên cao (trong tư thế treo)
Hang_Snatch_-_Below_Knees,en,Hang Snatch - Below Knees
Hang_Snatch_-_Below_Knees,vi,Giật tạ treo dưới gối
Hanging_Bar_Good_Morning,en,Hanging Bar Good Morning
Hanging_Bar_Good_Morning,vi,Gập người chào buổi sáng thanh treo
Hanging_Leg_Raise,en,Hanging Leg Raise
Hanging_Leg_Raise,vi,Nâng chân treo xà
Hanging_Pike,en,Hanging Pike
Hanging_Pike,vi,Gập bụng treo người
Heaving_Snatch_Balance,en,Heaving Snatch Balance
Heaving_Snatch_Balance,vi,Snatch Balance Nâng Cao
Heavy_Bag_Thrust,en,Heavy Bag Thrust
Heavy_Bag_Thrust,vi,Đẩy bao cát
High_Cable_Curls,en,High Cable Curls
High_Cable_Curls,vi,Cuốn tạ cáp cao
Hip_Circles_prone,en,Hip Circles (prone)
Hip_Circles_prone,vi,Xoay khớp hông (nằm sấp)
Hip_Extension_with_Bands,en,Hip Extension with Bands
Hip_Extension_with_Bands,vi,Đá mông dây kháng lực
Hip_Flexion_with_Band,en,Hip Flexion with Band
Hip_Flexion_with_Band,vi,Gập hông với dây kháng lực
Hip_Lift_with_Band,en,Hip Lift with Band
Hip_Lift_with_Band,vi,Nâng Hông với Dây Kháng Lực
Hug_A_Ball,en,Hug A Ball
Hug_A_Ball,vi,Ôm bóng
Hug_Knees_To_Chest,en,Hug Knees To Chest
Hug_Knees_To_Chest,vi,Ôm gối kéo ngực
Hurdle_Hops,en,Hurdle Hops
Hurdle_Hops,vi,Nhảy vượt chướng ngại vật
Hyperextensions_Back_Extensions,en,Hyperextensions (Back Extensions)
Hyperextensions_Back_Extensions,vi,Đẩy lưng
Hyperextensions_With_No_Hyperextension_Bench,en,Hyperextensions With No Hyperextension Bench
Hyperextensions_With_No_Hyperextension_Bench,vi,Gập người trên ghế phẳng
IT_Band_and_Glute_Stretch,en,IT Band and Glute Stretch
IT_Band_and_Glute_Stretch,vi,Kéo giãn IT Band và cơ mông
Iliotibial_Tract-SMR,en,Iliotibial Tract-SMR
Iliotibial_Tract-SMR,vi,Kéo giãn dải chậu chày
Inchworm,en,Inchworm
Inchworm,vi,Sâu Đo
Incline_Barbell_Triceps_Extension,en,Incline Barbell Triceps Extension
Incline_Barbell_Triceps_Extension,vi,Đẩy tạ đòn duỗi tay sau ghế dốc
Incline_Bench_Pull,en,Incline Bench Pull
Incline_Bench_Pull,vi,Kéo tạ dốc lên
Incline_Cable_Chest_Press,en,Incline Cable Chest Press
Incline_Cable_Chest_Press,vi,Đẩy ngực trên cáp
Incline_Cable_Flye,en,Incline Cable Flye
Incline_Cable_Flye,vi,Ép ngực cáp dốc lên
Incline_Dumbbell_Bench_With_Palms_Facing_In,en,Incline Dumbbell Bench With Palms Facing In
Incline_Dumbbell_Bench_With_Palms_Facing_In,vi,Đẩy ngực trên với tạ đơn (lòng bàn tay hướng vào)
Incline_Dumbbell_Curl,en,Incline Dumbbell Curl
Incline_Dumbbell_Curl,vi,Cuốn tạ đơn ghế dốc
Incline_Dumbbell_Flyes,en,Incline Dumbbell Flyes
Incline_Dumbbell_Flyes,vi,Bay ngực trên tạ đơn
Incline_Dumbbell_Flyes_-_With_A_Twist,en,Incline Dumbbell Flyes - With A Twist
Incline_Dumbbell_Flyes_-_With_A_Twist,vi,Bay Ngực Trên Tạ Đơn Xoay
Incline_Dumbbell_Press,en,Incline Dumbbell Press
Incline_Dumbbell_Press,vi,Đẩy ngực trên tạ đơn
Incline_Hammer_Curls,en,Incline Hammer Curls
Incline_Hammer_Curls,vi,Cuốn tạ búa dốc lên
Incline_Inner_Biceps_Curl,en,Incline Inner Biceps Curl
Incline_Inner_Biceps_Curl,vi,Cuốn tạ đơn ghế dốc (nằm ngửa)
Incline_Push-Up,en,Incline Push-Up
Incline_Push-Up,vi,Chống đẩy dốc lên
Incline_Push-Up_Close-Grip,en,Incline Push-Up Close-Grip
Incline_Push-Up_Close-Grip,vi,Hít đất dốc tay hẹp
Incline_Push-Up_Depth_Jump,en,Incline Push-Up Depth Jump
Incline_Push-Up_Depth_Jump,vi,Chống Đẩy Dốc Nhảy Sâu
Incline_Push-Up_Medium,en,Incline Push-Up Medium
Incline_Push-Up_Medium,vi,Chống đẩy dốc lên
Incline_Push-Up_Reverse_Grip,en,Incline Push-Up Reverse Grip
Incline_Push-Up_Reverse_Grip,vi,Hít đất dốc ngược tay
Incline_Push-Up_Wide,en,Incline Push-Up Wide
Incline_Push-Up_Wide,vi,Chống đẩy dốc rộng
Intermediate_Groin_Stretch,en,Intermediate Groin Stretch
Intermediate_Groin_Stretch,vi,Kéo giãn háng trung cấp
Intermediate_Hip_Flexor_and_Quad_Stretch,en,Intermediate Hip Flexor and Quad Stretch
Intermediate_Hip_Flexor_and_Quad_Stretch,vi,Căng cơ gập hông và cơ đùi giữa
Internal_Rotation_with_Band,en,Internal Rotation with Band
Internal_Rotation_with_Band,vi,Xoay vai trong với dây kháng lực
Inverted_Row,en,Inverted Row
Inverted_Row,vi,Kéo xô ngược
Inverted_Row_with_Straps,en,Inverted Row with Straps
Inverted_Row_with_Straps,vi,Kéo lưng ngược dây treo
Iron_Cross,en,Iron Cross
Iron_Cross,vi,Chữ thập sắt
Iron_Crosses_stretch,en,Iron Crosses (stretch)
Iron_Crosses_stretch,vi,Kéo gối vặn mình
Isometric_Chest_Squeezes,en,Isometric Chest Squeezes
Isometric_Chest_Squeezes,vi,Isometric Chest Squeeze
Isometric_Neck_Exercise_-_Front_And_Back,en,Isometric Neck Exercise - Front And Back
Isometric_Neck_Exercise_-_Front_And_Back,vi,Đẳng lực cổ trước sau
Isometric_Neck_Exercise_-_Sides,en,Isometric Neck Exercise - Sides
Isometric_Neck_Exercise_-_Sides,vi,Tập cổ kháng lực ngang
Isometric_Wipers,en,Isometric Wipers
Isometric_Wipers,vi,Gạt nước tĩnh
JM_Press,en,JM Press
JM_Press,vi,Đẩy tạ JM
Jackknife_Sit-Up,en,Jackknife Sit-Up
Jackknife_Sit-Up,vi,Gập bụng chữ V
Janda_Sit-Up,en,Janda Sit-Up
Janda_Sit-Up,vi,Gập bụng Janda
Jefferson_Squats,en,Jefferson Squats
Jefferson_Squats,vi,Squat kiểu Jefferson
Jerk_Balance,en,Jerk Balance
Jerk_Balance,vi,Jerk Thăng Bằng
Jerk_Dip_Squat,en,Jerk Dip Squat
Jerk_Dip_Squat,vi,Squat Nhún Giật
Jogging_Treadmill,en,"Jogging, Treadmill"
Jogging_Treadmill,vi,Chạy bộ trên máy
Keg_Load,en,Keg Load
Keg_Load,vi,Vác thùng/bao tải
Kettlebell_Arnold_Press,en,Kettlebell Arnold Press
Kettlebell_Arnold_Press,vi,Đẩy vai Arnold với tạ chuông
Kettlebell_Dead_Clean,en,Kettlebell Dead Clean
Kettlebell_Dead_Clean,vi,Clean Tạ Chuông Chết
Kettlebell_Figure_8,en,Kettlebell Figure 8
Kettlebell_Figure_8,vi,Kettlebell số 8
Kettlebell_Hang_Clean,en,Kettlebell Hang Clean
Kettlebell_Hang_Clean,vi,Tạ ấm Hang Clean
Kettlebell_One-Legged_Deadlift,en,Kettlebell One-Legged Deadlift
Kettlebell_One-Legged_Deadlift,vi,Deadlift Một Chân Với Tạ Chuông
Kettlebell_Pass_Between_The_Legs,en,Kettlebell Pass Between The Legs
Kettlebell_Pass_Between_The_Legs,vi,Chuyền tạ ấm qua chân
Kettlebell_Pirate_Ships,en,Kettlebell Pirate Ships
Kettlebell_Pirate_Ships,vi,Đu tạ chuông kiểu cướp biển
Kettlebell_Pistol_Squat,en,Kettlebell Pistol Squat
Kettlebell_Pistol_Squat,vi,Squat một chân tạ ấm
Kettlebell_Seated_Press,en,Kettlebell Seated Press
Kettlebell_Seated_Press,vi,Đẩy tạ chuông ngồi
Kettlebell_Seesaw_Press,en,Kettlebell Seesaw Press
Kettlebell_Seesaw_Press,vi,Đẩy tạ ấm luân phiên
Kettlebell_Sumo_High_Pull,en,Kettlebell Sumo High Pull
Kettlebell_Sumo_High_Pull,vi,Kéo tạ chuông kiểu Sumo lên cao
Kettlebell_Thruster,en,Kettlebell Thruster
Kettlebell_Thruster,vi,Đẩy tạ ấm
Kettlebell_Turkish_Get-Up_Lunge_style,en,Kettlebell Turkish Get-Up (Lunge style)
Kettlebell_Turkish_Get-Up_Lunge_style,vi,Turkish Get-Up với Tạ Chuông (kiểu Lunge)
Kettlebell_Turkish_Get-Up_Squat_style,en,Kettlebell Turkish Get-Up (Squat style)
Kettlebell_Turkish_Get-Up_Squat_style,vi,Turkish Get-Up Tạ Chuông (Kiểu Squat)
Kettlebell_Windmill,en,Kettlebell Windmill
Kettlebell_Windmill,vi,Windmill Tạ Chuông
Kipping_Muscle_Up,en,Kipping Muscle Up
Kipping_Muscle_Up,vi,Kéo xà tay trước kiểu Kipping
Knee_Across_The_Body,en,Knee Across The Body
Knee_Across_The_Body,vi,Kéo gối qua thân người
Knee_Circles,en,Knee Circles
Knee_Circles,vi,Xoay đầu gối
Knee_Hip_Raise_On_Parallel_Bars,en,Knee/Hip Raise On Parallel Bars
Knee_Hip_Raise_On_Parallel_Bars,vi,Nâng gối/hông xà kép
Knee_Tuck_Jump,en,Knee Tuck Jump
Knee_Tuck_Jump,vi,Nhảy co gối
Kneeling_Arm_Drill,en,Kneeling Arm Drill
Kneeling_Arm_Drill,vi,Tập tay quỳ
Kneeling_Cable_Crunch_With_Alternating_Oblique_Twists,en,Kneeling Cable Crunch With Alternating Oblique Twists
Kneeling_Cable_Crunch_With_Alternating_Oblique_Twists,vi,Gập bụng cáp quỳ xoay chéo (Cable Crunch)
Kneeling_Cable_Triceps_Extension,en,Kneeling Cable Triceps Extension
Kneeling_Cable_Triceps_Extension,vi,Đẩy cáp duỗi tay sau quỳ
Kneeling_Forearm_Stretch,en,Kneeling Forearm Stretch
Kneeling_Forearm_Stretch,vi,Kéo giãn cẳng tay quỳ
Kneeling_High_Pulley_Row,en,Kneeling High Pulley Row
Kneeling_High_Pulley_Row,vi,Kéo cáp cao quỳ gối
Kneeling_Hip_Flexor,en,Kneeling Hip Flexor
Kneeling_Hip_Flexor,vi,Ép dẻo cơ gập hông quỳ gối
Kneeling_Jump_Squat,en,Kneeling Jump Squat
Kneeling_Jump_Squat,vi,Squat Nhảy Từ Quỳ
Kneeling_Single-Arm_High_Pulley_Row,en,Kneeling Single-Arm High Pulley Row
Kneeling_Single-Arm_High_Pulley_Row,vi,Kéo cáp cao một tay quỳ gối
Kneeling_Squat,en,Kneeling Squat
Kneeling_Squat,vi,Squat quỳ
Landmine_180s,en,Landmine 180's
Landmine_180s,vi,Xoay thanh tạ 180 độ
Landmine_Linear_Jammer,en,Landmine Linear Jammer
Landmine_Linear_Jammer,vi,Đẩy ngực trên máy Landmine
Lateral_Bound,en,Lateral Bound
Lateral_Bound,vi,Nhảy biên độ ngang
Lateral_Box_Jump,en,Lateral Box Jump
Lateral_Box_Jump,vi,Nhảy hộp ngang
Lateral_Cone_Hops,en,Lateral Cone Hops
Lateral_Cone_Hops,vi,Nhảy cone ngang
Lateral_Raise_-_With_Bands,en,Lateral Raise - With Bands
Lateral_Raise_-_With_Bands,vi,Bay vai ngang với dây kháng lực
Latissimus_Dorsi-SMR,en,Latissimus Dorsi-SMR
Latissimus_Dorsi-SMR,vi,Massage Lưng rộng
Leg-Over_Floor_Press,en,Leg-Over Floor Press
Leg-Over_Floor_Press,vi,Đẩy ngực sàn chân vắt
Leg-Up_Hamstring_Stretch,en,Leg-Up Hamstring Stretch
Leg-Up_Hamstring_Stretch,vi,Kéo giãn cơ gân kheo nâng chân
Leg_Extensions,en,Leg Extensions
Leg_Extensions,vi,Đá đùi trước
Leg_Lift,en,Leg Lift
Leg_Lift,vi,Nâng chân
Leg_Press,en,Leg Press
Leg_Press,vi,Đẩy chân
Leg_Pull-In,en,Leg Pull-In
Leg_Pull-In,vi,Kéo gối
Leverage_Chest_Press,en,Leverage Chest Press
Leverage_Chest_Press,vi,Đẩy ngực máy đòn bẩy
Leverage_Deadlift,en,Leverage Deadlift
Leverage_Deadlift,vi,Nâng tạ đòn
Leverage_Decline_Chest_Press,en,Leverage Decline Chest Press
Leverage_Decline_Chest_Press,vi,Đẩy Ngực Dưới Máy Tác Động Lực
Leverage_High_Row,en,Leverage High Row
Leverage_High_Row,vi,Kéo xô máy ngang
Leverage_Incline_Chest_Press,en,Leverage Incline Chest Press
Leverage_Incline_Chest_Press,vi,Đẩy ngực trên máy
Leverage_Iso_Row,en,Leverage Iso Row
Leverage_Iso_Row,vi,Kéo Lưng Máy Đòn Bẩy
Leverage_Shoulder_Press,en,Leverage Shoulder Press
Leverage_Shoulder_Press,vi,Đẩy vai máy
Leverage_Shrug,en,Leverage Shrug
Leverage_Shrug,vi,Nhún vai máy đòn
Linear_3-Part_Start_Technique,en,Linear 3-Part Start Technique
Linear_3-Part_Start_Technique,vi,Kỹ thuật xuất phát 3 bước thẳng
Linear_Acceleration_Wall_Drill,en,Linear Acceleration Wall Drill
Linear_Acceleration_Wall_Drill,vi,Bài tập tăng tốc độ trên tường
Linear_Depth_Jump,en,Linear Depth Jump
Linear_Depth_Jump,vi,Nhảy độ sâu thẳng
Log_Lift,en,Log Lift
Log_Lift,vi,Đẩy tạ gỗ
London_Bridges,en,London Bridges
London_Bridges,vi,Plank xoay hông
Looking_At_Ceiling,en,Looking At Ceiling
Looking_At_Ceiling,vi,Nhìn trần nhà
Low_Cable_Crossover,en,Low Cable Crossover
Low_Cable_Crossover,vi,Ép ngực cáp thấp
Low_Cable_Triceps_Extension,en,Low Cable Triceps Extension
Low_Cable_Triceps_Extension,vi,Đẩy Tay Sau Kéo Cáp Thấp
Low_Pulley_Row_To_Neck,en,Low Pulley Row To Neck
Low_Pulley_Row_To_Neck,vi,Kéo cáp thấp lên cổ
Lower_Back-SMR,en,Lower Back-SMR
Lower_Back-SMR,vi,Lăn cơ lưng dưới
Lower_Back_Curl,en,Lower Back Curl
Lower_Back_Curl,vi,Gập lưng dưới
Lunge_Pass_Through,en,Lunge Pass Through
Lunge_Pass_Through,vi,Chùng chân luồn tạ
Lunge_Sprint,en,Lunge Sprint
Lunge_Sprint,vi,Chạy nước rút bước tấn
Lying_Bent_Leg_Groin,en,Lying Bent Leg Groin
Lying_Bent_Leg_Groin,vi,Nằm gập gối kéo căng háng
Lying_Cable_Curl,en,Lying Cable Curl
Lying_Cable_Curl,vi,Cuốn cáp nằm
Lying_Cambered_Barbell_Row,en,Lying Cambered Barbell Row
Lying_Cambered_Barbell_Row,vi,Kéo tạ thanh cong nằm sấp
Lying_Close-Grip_Bar_Curl_On_High_Pulley,en,Lying Close-Grip Bar Curl On High Pulley
Lying_Close-Grip_Bar_Curl_On_High_Pulley,vi,Cuốn tay trước nằm cáp ròng rọc cao tay hẹp
Lying_Close-Grip_Barbell_Triceps_Extension_Behind_The_Head,en,Lying Close-Grip Barbell Triceps Extension Behind The Head
Lying_Close-Grip_Barbell_Triceps_Extension_Behind_The_Head,vi,Duỗi tay sau nằm thanh đòn grip hẹp qua đầu
Lying_Close-Grip_Barbell_Triceps_Press_To_Chin,en,Lying Close-Grip Barbell Triceps Press To Chin
Lying_Close-Grip_Barbell_Triceps_Press_To_Chin,vi,Đẩy tạ đòn tay hẹp nằm dốc lên (hoặc: Đẩy tạ tay hẹp tập tay sau)
Lying_Crossover,en,Lying Crossover
Lying_Crossover,vi,Đan chéo chân nằm
Lying_Dumbbell_Tricep_Extension,en,Lying Dumbbell Tricep Extension
Lying_Dumbbell_Tricep_Extension,vi,Duỗi cơ tay sau nằm tạ đơn
Lying_Face_Down_Plate_Neck_Resistance,en,Lying Face Down Plate Neck Resistance
Lying_Face_Down_Plate_Neck_Resistance,vi,Kháng lực cổ nằm sấp với đĩa tạ
Lying_Face_Up_Plate_Neck_Resistance,en,Lying Face Up Plate Neck Resistance
Lying_Face_Up_Plate_Neck_Resistance,vi,Kháng lực cổ nằm ngửa bằng đĩa tạ
Lying_Glute,en,Lying Glute
Lying_Glute,vi,Nằm Đạp Glute
Lying_Hamstring,en,Lying Hamstring
Lying_Hamstring,vi,Nằm Đùi Sau
Lying_High_Bench_Barbell_Curl,en,Lying High Bench Barbell Curl
Lying_High_Bench_Barbell_Curl,vi,Nằm ngửa ghế cao cuốn tạ đòn
Lying_Leg_Curls,en,Lying Leg Curls
Lying_Leg_Curls,vi,Nằm cuốn chân sau
Lying_Machine_Squat,en,Lying Machine Squat
Lying_Machine_Squat,vi,Đạp đùi nằm
Lying_One-Arm_Lateral_Raise,en,Lying One-Arm Lateral Raise
Lying_One-Arm_Lateral_Raise,vi,Nằm một tay nâng tạ bên
Lying_Prone_Quadriceps,en,Lying Prone Quadriceps
Lying_Prone_Quadriceps,vi,Nằm Sấp Duỗi Cơ Đùi Trước
Lying_Rear_Delt_Raise,en,Lying Rear Delt Raise
Lying_Rear_Delt_Raise,vi,Nằm bay vai sau
Lying_Supine_Dumbbell_Curl,en,Lying Supine Dumbbell Curl
Lying_Supine_Dumbbell_Curl,vi,Nằm ngửa cuốn tạ đơn
Lying_T-Bar_Row,en,Lying T-Bar Row
Lying_T-Bar_Row,vi,Kéo tạ chữ T nằm
Lying_Triceps_Press,en,Lying Triceps Press
Lying_Triceps_Press,vi,Đẩy Triceps nằm
Machine_Bench_Press,en,Machine Bench Press
Machine_Bench_Press,vi,Đẩy ngực máy
Machine_Bicep_Curl,en,Machine Bicep Curl
Machine_Bicep_Curl,vi,Cuốn bắp tay máy
Machine_Preacher_Curls,en,Machine Preacher Curls
Machine_Preacher_Curls,vi,Cuốn tay trước máy ngồi (Preacher)
Machine_Shoulder_Military_Press,en,Machine Shoulder (Military) Press
Machine_Shoulder_Military_Press,vi,Đẩy vai máy
Machine_Triceps_Extension,en,Machine Triceps Extension
Machine_Triceps_Extension,vi,Đẩy Tay Sau Máy
Medicine_Ball_Chest_Pass,en,Medicine Ball Chest Pass
Medicine_Ball_Chest_Pass,vi,Ném bóng tạ qua ngực
Medicine_Ball_Full_Twist,en,Medicine Ball Full Twist
Medicine_Ball_Full_Twist,vi,Xoay người với bóng tạ
Medicine_Ball_Scoop_Throw,en,Medicine Ball Scoop Throw
Medicine_Ball_Scoop_Throw,vi,Ném bóng tạ qua đầu
Middle_Back_Shrug,en,Middle Back Shrug
Middle_Back_Shrug,vi,Nhún vai lưng giữa
Middle_Back_Stretch,en,Middle Back Stretch
Middle_Back_Stretch,vi,Kéo giãn lưng giữa
Mixed_Grip_Chin,en,Mixed Grip Chin
Mixed_Grip_Chin,vi,Hít xà hỗn hợp
Monster_Walk,en,Monster Walk
Monster_Walk,vi,Đi bước chân quái vật
Mountain_Climbers,en,Mountain Climbers
Mountain_Climbers,vi,Chạy bộ tại chỗ/leo núi
Moving_Claw_Series,en,Moving Claw Series
Moving_Claw_Series,vi,Loạt động tác Kẹp
Muscle_Snatch,en,Muscle Snatch
Muscle_Snatch,vi,Muscle Snatch
Muscle_Up,en,Muscle Up
Muscle_Up,vi,Muscle Up
Narrow_Stance_Hack_Squats,en,Narrow Stance Hack Squats
Narrow_Stance_Hack_Squats,vi,Hack Squat hẹp chân
Narrow_Stance_Leg_Press,en,Narrow Stance Leg Press
Narrow_Stance_Leg_Press,vi,Đạp chân khép
Narrow_Stance_Squats,en,Narrow Stance Squats
Narrow_Stance_Squats,vi,Squat hẹp chân
Natural_Glute_Ham_Raise,en,Natural Glute Ham Raise
Natural_Glute_Ham_Raise,vi,Gập đùi sau tự nhiên
Neck-SMR,en,Neck-SMR
Neck-SMR,vi,Massage cổ
Neck_Press,en,Neck Press
Neck_Press,vi,Đẩy vai sau cổ
Oblique_Crunches,en,Oblique Crunches
Oblique_Crunches,vi,Gập bụng xiên
Oblique_Crunches_-_On_The_Floor,en,Oblique Crunches - On The Floor
Oblique_Crunches_-_On_The_Floor,vi,Gập bụng nghiêng nằm sàn
Olympic_Squat,en,Olympic Squat
Olympic_Squat,vi,Squat kiểu Olympic
On-Your-Back_Quad_Stretch,en,On-Your-Back Quad Stretch
On-Your-Back_Quad_Stretch,vi,Kéo căng cơ đùi nằm ngửa
On_Your_Side_Quad_Stretch,en,On Your Side Quad Stretch
On_Your_Side_Quad_Stretch,vi,Kéo cơ đùi nằm nghiêng
One-Arm_Dumbbell_Row,en,One-Arm Dumbbell Row
One-Arm_Dumbbell_Row,vi,Kéo tạ tay một bên
One-Arm_Flat_Bench_Dumbbell_Flye,en,One-Arm Flat Bench Dumbbell Flye
One-Arm_Flat_Bench_Dumbbell_Flye,vi,Ép ngực đơn tay ghế phẳng
One-Arm_High-Pulley_Cable_Side_Bends,en,One-Arm High-Pulley Cable Side Bends
One-Arm_High-Pulley_Cable_Side_Bends,vi,Gập bụng cáp đứng một tay
One-Arm_Incline_Lateral_Raise,en,One-Arm Incline Lateral Raise
One-Arm_Incline_Lateral_Raise,vi,Nâng tạ nghiêng một tay
One-Arm_Kettlebell_Clean,en,One-Arm Kettlebell Clean
One-Arm_Kettlebell_Clean,vi,Tâng tạ chuông một tay
One-Arm_Kettlebell_Clean_and_Jerk,en,One-Arm Kettlebell Clean and Jerk
One-Arm_Kettlebell_Clean_and_Jerk,vi,Clean và Jerk Tạ Chuông Một Tay
One-Arm_Kettlebell_Floor_Press,en,One-Arm Kettlebell Floor Press
One-Arm_Kettlebell_Floor_Press,vi,Đẩy tạ chuông nằm sàn một tay
One-Arm_Kettlebell_Jerk,en,One-Arm Kettlebell Jerk
One-Arm_Kettlebell_Jerk,vi,Giật tạ chuông một tay
One-Arm_Kettlebell_Military_Press_To_The_Side,en,One-Arm Kettlebell Military Press To The Side
One-Arm_Kettlebell_Military_Press_To_The_Side,vi,Đẩy tạ chuông 1 tay sang bên
One-Arm_Kettlebell_Para_Press,en,One-Arm Kettlebell Para Press
One-Arm_Kettlebell_Para_Press,vi,Đẩy chuông ấm bằng một tay
One-Arm_Kettlebell_Push_Press,en,One-Arm Kettlebell Push Press
One-Arm_Kettlebell_Push_Press,vi,Đẩy tạ chuông 1 tay
One-Arm_Kettlebell_Row,en,One-Arm Kettlebell Row
One-Arm_Kettlebell_Row,vi,Kéo tạ chuông một tay
One-Arm_Kettlebell_Snatch,en,One-Arm Kettlebell Snatch
One-Arm_Kettlebell_Snatch,vi,Tâng tạ chuông một tay
One-Arm_Kettlebell_Split_Jerk,en,One-Arm Kettlebell Split Jerk
One-Arm_Kettlebell_Split_Jerk,vi,Nhấc tạ chuông một tay kiểu Split Jerk
One-Arm_Kettlebell_Split_Snatch,en,One-Arm Kettlebell Split Snatch
One-Arm_Kettlebell_Split_Snatch,vi,Giật Tạ Chuông Một Tay Chân Rộng
One-Arm_Kettlebell_Swings,en,One-Arm Kettlebell Swings
One-Arm_Kettlebell_Swings,vi,Đu tạ chuông 1 tay
One-Arm_Long_Bar_Row,en,One-Arm Long Bar Row
One-Arm_Long_Bar_Row,vi,Kéo tạ đòn một tay
One-Arm_Medicine_Ball_Slam,en,One-Arm Medicine Ball Slam
One-Arm_Medicine_Ball_Slam,vi,Đập bóng tạ một tay
One-Arm_Open_Palm_Kettlebell_Clean,en,One-Arm Open Palm Kettlebell Clean
One-Arm_Open_Palm_Kettlebell_Clean,vi,Giật tạ chuông một tay ngửa lòng bàn tay
One-Arm_Overhead_Kettlebell_Squats,en,One-Arm Overhead Kettlebell Squats
One-Arm_Overhead_Kettlebell_Squats,vi,Squat tạ ấm một tay qua đầu
One-Arm_Side_Deadlift,en,One-Arm Side Deadlift
One-Arm_Side_Deadlift,vi,Kéo tạ chết một tay bên
One-Arm_Side_Laterals,en,One-Arm Side Laterals
One-Arm_Side_Laterals,vi,Tập vai sang bên một tay
One-Legged_Cable_Kickback,en,One-Legged Cable Kickback
One-Legged_Cable_Kickback,vi,Đá cáp một chân
One_Arm_Against_Wall,en,One Arm Against Wall
One_Arm_Against_Wall,vi,Căng ngực một tay vào tường
One_Arm_Chin-Up,en,One Arm Chin-Up
One_Arm_Chin-Up,vi,Hít xà một tay (ngửa tay)
One_Arm_Dumbbell_Bench_Press,en,One Arm Dumbbell Bench Press
One_Arm_Dumbbell_Bench_Press,vi,Đẩy ngực đơn tạ đơn
One_Arm_Dumbbell_Preacher_Curl,en,One Arm Dumbbell Preacher Curl
One_Arm_Dumbbell_Preacher_Curl,vi,Cuốn tay trước tập trung một tay với tạ đơn
One_Arm_Floor_Press,en,One Arm Floor Press
One_Arm_Floor_Press,vi,Đẩy ngực sàn 1 tay
One_Arm_Lat_Pulldown,en,One Arm Lat Pulldown
One_Arm_Lat_Pulldown,vi,Kéo xô 1 tay
One_Arm_Pronated_Dumbbell_Triceps_Extension,en,One Arm Pronated Dumbbell Triceps Extension
One_Arm_Pronated_Dumbbell_Triceps_Extension,vi,Duỗi tay sau (bằng tạ đơn)
One_Arm_Supinated_Dumbbell_Triceps_Extension,en,One Arm Supinated Dumbbell Triceps Extension
One_Arm_Supinated_Dumbbell_Triceps_Extension,vi,Đá tay sau đơn trên ghế (ngửa tay)
One_Half_Locust,en,One Half Locust
One_Half_Locust,vi,Nửa châu chấu
One_Handed_Hang,en,One Handed Hang
One_Handed_Hang,vi,Treo xà một tay
One_Knee_To_Chest,en,One Knee To Chest
One_Knee_To_Chest,vi,Co gối chạm ngực một chân
One_Leg_Barbell_Squat,en,One Leg Barbell Squat
One_Leg_Barbell_Squat,vi,Squat Một Chân Tạ Đòn
Open_Palm_Kettlebell_Clean,en,Open Palm Kettlebell Clean
Open_Palm_Kettlebell_Clean,vi,Hất tạ chuông ngửa tay
Otis-Up,en,Otis-Up
Otis-Up,vi,Gập bụng Otis
Overhead_Cable_Curl,en,Overhead Cable Curl
Overhead_Cable_Curl,vi,Cuốn cáp qua đầu
Overhead_Lat,en,Overhead Lat
Overhead_Lat,vi,Kéo xô trên đầu
Overhead_Slam,en,Overhead Slam
Overhead_Slam,vi,Đập Bóng Qua Đầu
Overhead_Squat,en,Overhead Squat
Overhead_Squat,vi,Squat qua đầu
Overhead_Stretch,en,Overhead Stretch
Overhead_Stretch,vi,Căng cơ trên đầu
Overhead_Triceps,en,Overhead Triceps
Overhead_Triceps,vi,Đẩy Triceps Qua Đầu
Pallof_Press,en,Pallof Press
Pallof_Press,vi,Chống xoay thân
Pallof_Press_With_Rotation,en,Pallof Press With Rotation
Pallof_Press_With_Rotation,vi,Xoay thân Pallof
Palms-Down_Dumbbell_Wrist_Curl_Over_A_Bench,en,Palms-Down Dumbbell Wrist Curl Over A Bench
Palms-Down_Dumbbell_Wrist_Curl_Over_A_Bench,vi,Cuộn cổ tay tạ đơn úp trên ghế
Palms-Down_Wrist_Curl_Over_A_Bench,en,Palms-Down Wrist Curl Over A Bench
Palms-Down_Wrist_Curl_Over_A_Bench,vi,Cuốn cổ tay úp trên ghế
Palms-Up_Barbell_Wrist_Curl_Over_A_Bench,en,Palms-Up Barbell Wrist Curl Over A Bench
Palms-Up_Barbell_Wrist_Curl_Over_A_Bench,vi,Cuốn tạ đòn cổ tay ngửa
Palms-Up_Dumbbell_Wrist_Curl_Over_A_Bench,en,Palms-Up Dumbbell Wrist Curl Over A Bench
Palms-Up_Dumbbell_Wrist_Curl_Over_A_Bench,vi,Cuốn cổ tay ngược với tạ đơn trên ghế
Parallel_Bar_Dip,en,Parallel Bar Dip
Parallel_Bar_Dip,vi,Nhún xà kép
Pelvic_Tilt_Into_Bridge,en,Pelvic Tilt Into Bridge
Pelvic_Tilt_Into_Bridge,vi,Nâng hông tư thế cầu
Peroneals-SMR,en,Peroneals-SMR
Peroneals-SMR,vi,Thả Lỏng Cơ Mác Bằng Con Lăn
Peroneals_Stretch,en,Peroneals Stretch
Peroneals_Stretch,vi,Kéo căng cơ mác
Physioball_Hip_Bridge,en,Physioball Hip Bridge
Physioball_Hip_Bridge,vi,Nâng hông với bóng tập
Pin_Presses,en,Pin Presses
Pin_Presses,vi,Đẩy ngực trên pin
Piriformis-SMR,en,Piriformis-SMR
Piriformis-SMR,vi,Xoa bóp cơ lê bằng lăn foam
Plank,en,Plank
Plank,vi,Tấm ván
Plate_Pinch,en,Plate Pinch
Plate_Pinch,vi,Kẹp tạ
Plate_Twist,en,Plate Twist
Plate_Twist,vi,Xoay lườn
Platform_Hamstring_Slides,en,Platform Hamstring Slides
Platform_Hamstring_Slides,vi,Trượt gót chân tập gân kheo
Plie_Dumbbell_Squat,en,Plie Dumbbell Squat
Plie_Dumbbell_Squat,vi,Squat Chân Rộng Tạ Đơn
Plyo_Kettlebell_Pushups,en,Plyo Kettlebell Pushups
Plyo_Kettlebell_Pushups,vi,Hít đất tạ ấm plyo
Plyo_Push-up,en,Plyo Push-up
Plyo_Push-up,vi,Hít đất bật nhảy
Posterior_Tibialis_Stretch,en,Posterior Tibialis Stretch
Posterior_Tibialis_Stretch,vi,Kéo giãn cơ chày sau
Power_Clean,en,Power Clean
Power_Clean,vi,Cú Nhấc Tạ Nhanh
Power_Clean_from_Blocks,en,Power Clean from Blocks
Power_Clean_from_Blocks,vi,Nhấc tạ sạch lên từ bục cao
Power_Jerk,en,Power Jerk
Power_Jerk,vi,Giật năng
Power_Partials,en,Power Partials
Power_Partials,vi,Rep một phần
Power_Snatch,en,Power Snatch
Power_Snatch,vi,Giật tạ tốc độ
Power_Snatch_from_Blocks,en,Power Snatch from Blocks
Power_Snatch_from_Blocks,vi,Giật Quả Tạ Trên Bệ Cao
Power_Stairs,en,Power Stairs
Power_Stairs,vi,Leo cầu thang máy/sức mạnh
Preacher_Curl,en,Preacher Curl
Preacher_Curl,vi,Tập tay trước ghế Preacher
Preacher_Hammer_Dumbbell_Curl,en,Preacher Hammer Dumbbell Curl
Preacher_Hammer_Dumbbell_Curl,vi,Cuốn tạ đơn búa trên ghế dốc
Press_Sit-Up,en,Press Sit-Up
Press_Sit-Up,vi,Gập bụng đẩy
Prone_Manual_Hamstring,en,Prone Manual Hamstring
Prone_Manual_Hamstring,vi,Tập gân kheo nằm sấp
Prowler_Sprint,en,Prowler Sprint
Prowler_Sprint,vi,Đẩy tạ chạy nước rút
Pull_Through,en,Pull Through
Pull_Through,vi,Kéo cáp qua chân
Pullups,en,Pullups
Pullups,vi,Kéo xà
Push-Up_Wide,en,Push-Up Wide
Push-Up_Wide,vi,Chống đẩy rộng tay
Push-Ups_-_Close_Triceps_Position,en,Push-Ups - Close Triceps Position
Push-Ups_-_Close_Triceps_Position,vi,Hít đất tay hẹp (Triceps)
Push-Ups_With_Feet_Elevated,en,Push-Ups With Feet Elevated
Push-Ups_With_Feet_Elevated,vi,Hít đất gác chân cao
Push-Ups_With_Feet_On_An_Exercise_Ball,en,Push-Ups With Feet On An Exercise Ball
Push-Ups_With_Feet_On_An_Exercise_Ball,vi,Hít Đất Chân Trên Bóng Tập
Push_Press,en,Push Press
Push_Press,vi,Đẩy vai đứng
Push_Press_-_Behind_the_Neck,en,Push Press - Behind the Neck
Push_Press_-_Behind_the_Neck,vi,Đẩy tạ sau cổ
Push_Up_to_Side_Plank,en,Push Up to Side Plank
Push_Up_to_Side_Plank,vi,Chống đẩy xoay người Side Plank
Pushups,en,Pushups
Pushups,vi,hít đất
Pushups_Close_and_Wide_Hand_Positions,en,Pushups (Close and Wide Hand Positions)
Pushups_Close_and_Wide_Hand_Positions,vi,Hít đất thu hẹp và mở rộng tay
Pyramid,en,Pyramid
Pyramid,vi,Tập kim tự tháp
Quad_Stretch,en,Quad Stretch
Quad_Stretch,vi,Căng cơ đùi
Quadriceps-SMR,en,Quadriceps-SMR
Quadriceps-SMR,vi,Lăn cơ đùi trước SMR
Quick_Leap,en,Quick Leap
Quick_Leap,vi,Nhảy nhanh
Rack_Delivery,en,Rack Delivery
Rack_Delivery,vi,Đẩy tạ trên giá
Rack_Pull_with_Bands,en,Rack Pull with Bands
Rack_Pull_with_Bands,vi,Kéo tạ từ giá với dây kháng lực
Rack_Pulls,en,Rack Pulls
Rack_Pulls,vi,Rack Pull
Rear_Leg_Raises,en,Rear Leg Raises
Rear_Leg_Raises,vi,Nâng chân sau
Recumbent_Bike,en,Recumbent Bike
Recumbent_Bike,vi,Xe đạp nằm
Return_Push_from_Stance,en,Return Push from Stance
Return_Push_from_Stance,vi,Lão Hổ Hồi Sơn
Reverse_Band_Bench_Press,en,Reverse Band Bench Press
Reverse_Band_Bench_Press,vi,Đẩy ngực kháng lực ngược
Reverse_Band_Box_Squat,en,Reverse Band Box Squat
Reverse_Band_Box_Squat,vi,Squat Hộp Dây Ngược
Reverse_Band_Deadlift,en,Reverse Band Deadlift
Reverse_Band_Deadlift,vi,Deadlift kháng lực ngược
Reverse_Band_Power_Squat,en,Reverse Band Power Squat
Reverse_Band_Power_Squat,vi,Squat Dây Đảo Ngược
Reverse_Band_Sumo_Deadlift,en,Reverse Band Sumo Deadlift
Reverse_Band_Sumo_Deadlift,vi,Kéo tạ chân rộng với dây kháng lực đảo
Reverse_Barbell_Curl,en,Reverse Barbell Curl
Reverse_Barbell_Curl,vi,Cuốn tạ đòn ngược
Reverse_Barbell_Preacher_Curls,en,Reverse Barbell Preacher Curls
Reverse_Barbell_Preacher_Curls,vi,Cuốn tay trước ngược thanh đòn trên ghế dốc
Reverse_Cable_Curl,en,Reverse Cable Curl
Reverse_Cable_Curl,vi,Cuốn tay trước dây cáp ngược
Reverse_Crunch,en,Reverse Crunch
Reverse_Crunch,vi,Gập bụng ngược
Reverse_Flyes,en,Reverse Flyes
Reverse_Flyes,vi,Bay ngược
Reverse_Flyes_With_External_Rotation,en,Reverse Flyes With External Rotation
Reverse_Flyes_With_External_Rotation,vi,Bay ngược xoay ngoài
Reverse_Grip_Bent-Over_Rows,en,Reverse Grip Bent-Over Rows
Reverse_Grip_Bent-Over_Rows,vi,Kéo tạ gập người tay ngửa
Reverse_Grip_Triceps_Pushdown,en,Reverse Grip Triceps Pushdown
Reverse_Grip_Triceps_Pushdown,vi,Đẩy Tay Sau Dây Cáp Ngược
Reverse_Hyperextension,en,Reverse Hyperextension
Reverse_Hyperextension,vi,Tăng duỗi ngược
Reverse_Machine_Flyes,en,Reverse Machine Flyes
Reverse_Machine_Flyes,vi,Bay ngược máy
Reverse_Plate_Curls,en,Reverse Plate Curls
Reverse_Plate_Curls,vi,Cuốn tạ đĩa ngược
Reverse_Triceps_Bench_Press,en,Reverse Triceps Bench Press
Reverse_Triceps_Bench_Press,vi,Đẩy Triceps Ngược
Rhomboids-SMR,en,Rhomboids-SMR
Rhomboids-SMR,vi,SMR Cơ trám
Rickshaw_Carry,en,Rickshaw Carry
Rickshaw_Carry,vi,Gánh tạ kéo xe
Rickshaw_Deadlift,en,Rickshaw Deadlift
Rickshaw_Deadlift,vi,"Tập tạ chết kéo xe cút kít
Kéo tạ bằng khung"
Ring_Dips,en,Ring Dips
Ring_Dips,vi,Nhúng vòng
Rocket_Jump,en,Rocket Jump
Rocket_Jump,vi,Nhảy tên lửa
Rocking_Standing_Calf_Raise,en,Rocking Standing Calf Raise
Rocking_Standing_Calf_Raise,vi,Nhón gót đứng nhấp nhả
Rocky_Pull-Ups_Pulldowns,en,Rocky Pull-Ups/Pulldowns
Rocky_Pull-Ups_Pulldowns,vi,Kéo xô
Romanian_Deadlift,en,Romanian Deadlift
Romanian_Deadlift,vi,Romanian Deadlift (RDL)
Romanian_Deadlift_from_Deficit,en,Romanian Deadlift from Deficit
Romanian_Deadlift_from_Deficit,vi,Deadlift Romania Hụt
Rope_Climb,en,Rope Climb
Rope_Climb,vi,Leo dây
Rope_Crunch,en,Rope Crunch
Rope_Crunch,vi,Gập bụng dây thừng
Rope_Jumping,en,Rope Jumping
Rope_Jumping,vi,Nhảy dây
Rope_Straight-Arm_Pulldown,en,Rope Straight-Arm Pulldown
Rope_Straight-Arm_Pulldown,vi,Kéo cáp tay thẳng (lưng xô)
Round_The_World_Shoulder_Stretch,en,Round The World Shoulder Stretch
Round_The_World_Shoulder_Stretch,vi,Kéo giãn vai xoay vòng
Rowing_Stationary,en,"Rowing, Stationary"
Rowing_Stationary,vi,Chèo thuyền
Runners_Stretch,en,Runner's Stretch
Runners_Stretch,vi,Kéo giãn cơ chạy
Running_Treadmill,en,"Running, Treadmill"
Running_Treadmill,vi,Chạy bộ trên máy
Russian_Twist,en,Russian Twist
Russian_Twist,vi,Gập bụng xoay eo
Sandbag_Load,en,Sandbag Load
Sandbag_Load,vi,Vác bao cát
Scapular_Pull-Up,en,Scapular Pull-Up
Scapular_Pull-Up,vi,Kéo xà bả vai
Scissor_Kick,en,Scissor Kick
Scissor_Kick,vi,Đá cắt kéo
Scissors_Jump,en,Scissors Jump
Scissors_Jump,vi,Nhảy cắt kéo
Seated_Band_Hamstring_Curl,en,Seated Band Hamstring Curl
Seated_Band_Hamstring_Curl,vi,Gập đùi sau ngồi với dây kháng lực
Seated_Barbell_Military_Press,en,Seated Barbell Military Press
Seated_Barbell_Military_Press,vi,Đẩy vai ngồi thanh đòn
Seated_Barbell_Twist,en,Seated Barbell Twist
Seated_Barbell_Twist,vi,Xoay thân với tạ đòn
Seated_Bent-Over_One-Arm_Dumbbell_Triceps_Extension,en,Seated Bent-Over One-Arm Dumbbell Triceps Extension
Seated_Bent-Over_One-Arm_Dumbbell_Triceps_Extension,vi,Đá tay sau đơn trên ghế cúi người
Seated_Bent-Over_Rear_Delt_Raise,en,Seated Bent-Over Rear Delt Raise
Seated_Bent-Over_Rear_Delt_Raise,vi,Ban ghế cúi người nâng tạ sau vai
Seated_Bent-Over_Two-Arm_Dumbbell_Triceps_Extension,en,Seated Bent-Over Two-Arm Dumbbell Triceps Extension
Seated_Bent-Over_Two-Arm_Dumbbell_Triceps_Extension,vi,Đẩy tạ đơn sau đầu ngồi cúi người (cơ tam đầu)
Seated_Biceps,en,Seated Biceps
Seated_Biceps,vi,Cuộn bắp tay ngồi
Seated_Cable_Rows,en,Seated Cable Rows
Seated_Cable_Rows,vi,Ngồi kéo cáp
Seated_Cable_Shoulder_Press,en,Seated Cable Shoulder Press
Seated_Cable_Shoulder_Press,vi,Đẩy vai cáp ngồi
Seated_Calf_Raise,en,Seated Calf Raise
Seated_Calf_Raise,vi,Nhón bắp chân ngồi
Seated_Calf_Stretch,en,Seated Calf Stretch
Seated_Calf_Stretch,vi,Kéo giãn bắp chân ngồi
Seated_Close-Grip_Concentration_Barbell_Curl,en,Seated Close-Grip Concentration Barbell Curl
Seated_Close-Grip_Concentration_Barbell_Curl,vi,Cuốn tay trước tập trung ngồi (thanh đòn)
Seated_Dumbbell_Curl,en,Seated Dumbbell Curl
Seated_Dumbbell_Curl,vi,Cuốn tạ đơn ngồi
Seated_Dumbbell_Inner_Biceps_Curl,en,Seated Dumbbell Inner Biceps Curl
Seated_Dumbbell_Inner_Biceps_Curl,vi,Cuốn tay trước tập bắp trong tạ đơn ngồi
Seated_Dumbbell_Palms-Down_Wrist_Curl,en,Seated Dumbbell Palms-Down Wrist Curl
Seated_Dumbbell_Palms-Down_Wrist_Curl,vi,Cuốn cổ tay sấp tạ đơn
Seated_Dumbbell_Palms-Up_Wrist_Curl,en,Seated Dumbbell Palms-Up Wrist Curl
Seated_Dumbbell_Palms-Up_Wrist_Curl,vi,Cuộn cổ tay với tạ đơn (ngồi)
Seated_Dumbbell_Press,en,Seated Dumbbell Press
Seated_Dumbbell_Press,vi,Đẩy vai tạ đơn ngồi
Seated_Flat_Bench_Leg_Pull-In,en,Seated Flat Bench Leg Pull-In
Seated_Flat_Bench_Leg_Pull-In,vi,Gập bụng kéo chân trên ghế phẳng
Seated_Floor_Hamstring_Stretch,en,Seated Floor Hamstring Stretch
Seated_Floor_Hamstring_Stretch,vi,Kéo giãn gân kheo ngồi sàn
Seated_Front_Deltoid,en,Seated Front Deltoid
Seated_Front_Deltoid,vi,Đẩy vai trước ngồi
Seated_Glute,en,Seated Glute
Seated_Glute,vi,Đẩy mông ngồi
Seated_Good_Mornings,en,Seated Good Mornings
Seated_Good_Mornings,vi,Chào buổi sáng ngồi
Seated_Hamstring,en,Seated Hamstring
Seated_Hamstring,vi,Gập đùi sau ngồi
Seated_Hamstring_and_Calf_Stretch,en,Seated Hamstring and Calf Stretch
Seated_Hamstring_and_Calf_Stretch,vi,Kéo giãn gân kheo và bắp chân khi ngồi
Seated_Head_Harness_Neck_Resistance,en,Seated Head Harness Neck Resistance
Seated_Head_Harness_Neck_Resistance,vi,Kháng lực cổ với đai ngồi
Seated_Leg_Curl,en,Seated Leg Curl
Seated_Leg_Curl,vi,Cuốn đùi sau ngồi
Seated_Leg_Tucks,en,Seated Leg Tucks
Seated_Leg_Tucks,vi,Gập gối trên ghế
Seated_One-Arm_Dumbbell_Palms-Down_Wrist_Curl,en,Seated One-Arm Dumbbell Palms-Down Wrist Curl
Seated_One-Arm_Dumbbell_Palms-Down_Wrist_Curl,vi,Cuộn cổ tay tạ đơn 1 tay ngồi sấp
Seated_One-Arm_Dumbbell_Palms-Up_Wrist_Curl,en,Seated One-Arm Dumbbell Palms-Up Wrist Curl
Seated_One-Arm_Dumbbell_Palms-Up_Wrist_Curl,vi,Cuộn cổ tay ngược tay đơn tạ đơn ngồi
Seated_One-arm_Cable_Pulley_Rows,en,Seated One-arm Cable Pulley Rows
Seated_One-arm_Cable_Pulley_Rows,vi,Kéo Xô Một Tay Ngồi Với Dây Cáp
Seated_Overhead_Stretch,en,Seated Overhead Stretch
Seated_Overhead_Stretch,vi,Kéo giãn vai trên đầu khi ngồi
Seated_Palm-Up_Barbell_Wrist_Curl,en,Seated Palm-Up Barbell Wrist Curl
Seated_Palm-Up_Barbell_Wrist_Curl,vi,"Cuộn cổ tay với tạ đòn, lòng bàn tay ngửa"
Seated_Palms-Down_Barbell_Wrist_Curl,en,Seated Palms-Down Barbell Wrist Curl
Seated_Palms-Down_Barbell_Wrist_Curl,vi,Cuộn cổ tay tạ đòn sấp
Seated_Side_Lateral_Raise,en,Seated Side Lateral Raise
Seated_Side_Lateral_Raise,vi,Nâng tạ ngang vai ngồi
Seated_Triceps_Press,en,Seated Triceps Press
Seated_Triceps_Press,vi,Đẩy tạ tay sau ngồi
Seated_Two-Arm_Palms-Up_Low-Pulley_Wrist_Curl,en,Seated Two-Arm Palms-Up Low-Pulley Wrist Curl
Seated_Two-Arm_Palms-Up_Low-Pulley_Wrist_Curl,vi,"Cuốn cổ tay ngồi, lòng bàn tay ngửa, ròng rọc thấp"
See-Saw_Press_Alternating_Side_Press,en,See-Saw Press (Alternating Side Press)
See-Saw_Press_Alternating_Side_Press,vi,Đẩy vai luân phiên
Shotgun_Row,en,Shotgun Row
Shotgun_Row,vi,Kéo xô ngang
Shoulder_Circles,en,Shoulder Circles
Shoulder_Circles,vi,Xoay vai
Shoulder_Press_-_With_Bands,en,Shoulder Press - With Bands
Shoulder_Press_-_With_Bands,vi,Đẩy vai với dây kháng lực
Shoulder_Raise,en,Shoulder Raise
Shoulder_Raise,vi,Nâng vai
Shoulder_Stretch,en,Shoulder Stretch
Shoulder_Stretch,vi,Kéo vai
Side-Lying_Floor_Stretch,en,Side-Lying Floor Stretch
Side-Lying_Floor_Stretch,vi,Kéo giãn sàn nằm nghiêng
Side_Bridge,en,Side Bridge
Side_Bridge,vi,Tấm ván nghiêng
Side_Hop-Sprint,en,Side Hop-Sprint
Side_Hop-Sprint,vi,Nhảy bên-chạy nước rút
Side_Jackknife,en,Side Jackknife
Side_Jackknife,vi,Gập bụng nghiêng
Side_Lateral_Raise,en,Side Lateral Raise
Side_Lateral_Raise,vi,Nâng tạ ngang vai
Side_Laterals_to_Front_Raise,en,Side Laterals to Front Raise
Side_Laterals_to_Front_Raise,vi,Nâng vai ngang kết hợp trước
Side_Leg_Raises,en,Side Leg Raises
Side_Leg_Raises,vi,Nâng chân ngang
Side_Lying_Groin_Stretch,en,Side Lying Groin Stretch
Side_Lying_Groin_Stretch,vi,Kéo giãn cơ háng nằm nghiêng
Side_Neck_Stretch,en,Side Neck Stretch
Side_Neck_Stretch,vi,Kéo giãn cơ cổ bên
Side_Standing_Long_Jump,en,Side Standing Long Jump
Side_Standing_Long_Jump,vi,Nhảy xa ngang
Side_To_Side_Chins,en,Side To Side Chins
Side_To_Side_Chins,vi,Hít xà nghiêng đầu
Side_Wrist_Pull,en,Side Wrist Pull
Side_Wrist_Pull,vi,Kéo Cổ Tay Bên
Side_to_Side_Box_Shuffle,en,Side to Side Box Shuffle
Side_to_Side_Box_Shuffle,vi,Bước Chân Sang Hai Bên Trên Bục
Single-Arm_Cable_Crossover,en,Single-Arm Cable Crossover
Single-Arm_Cable_Crossover,vi,Ép ngực cáp 1 tay
Single-Arm_Linear_Jammer,en,Single-Arm Linear Jammer
Single-Arm_Linear_Jammer,vi,Đẩy Jammer Đơn Tay
Single-Arm_Push-Up,en,Single-Arm Push-Up
Single-Arm_Push-Up,vi,Hít đất một tay
Single-Cone_Sprint_Drill,en,Single-Cone Sprint Drill
Single-Cone_Sprint_Drill,vi,Chạy nước rút vòng cọc đơn
Single-Leg_High_Box_Squat,en,Single-Leg High Box Squat
Single-Leg_High_Box_Squat,vi,Squat 1 chân với Box
Single-Leg_Hop_Progression,en,Single-Leg Hop Progression
Single-Leg_Hop_Progression,vi,Nhảy lò cò một chân tiến bộ
Single-Leg_Lateral_Hop,en,Single-Leg Lateral Hop
Single-Leg_Lateral_Hop,vi,Nhảy bên một chân
Single-Leg_Leg_Extension,en,Single-Leg Leg Extension
Single-Leg_Leg_Extension,vi,Đá đùi trước 1 chân
Single-Leg_Stride_Jump,en,Single-Leg Stride Jump
Single-Leg_Stride_Jump,vi,Nhảy bước một chân
Single_Dumbbell_Raise,en,Single Dumbbell Raise
Single_Dumbbell_Raise,vi,Nâng tạ đơn
Single_Leg_Butt_Kick,en,Single Leg Butt Kick
Single_Leg_Butt_Kick,vi,Đá gót chạm mông một chân
Single_Leg_Glute_Bridge,en,Single Leg Glute Bridge
Single_Leg_Glute_Bridge,vi,Cầu mông một chân
Single_Leg_Push-off,en,Single Leg Push-off
Single_Leg_Push-off,vi,Đẩy người một chân
Sit-Up,en,Sit-Up
Sit-Up,vi,Gập bụng
Sit_Squats,en,Sit Squats
Sit_Squats,vi,Ngồi xổm có ghế
Skating,en,Skating
Skating,vi,Trượt băng
Sled_Drag_-_Harness,en,Sled Drag - Harness
Sled_Drag_-_Harness,vi,Kéo tạ xe trượt bằng đai
Sled_Overhead_Backward_Walk,en,Sled Overhead Backward Walk
Sled_Overhead_Backward_Walk,vi,Kéo Sled Đi Bộ Ngược Tay Qua Đầu
Sled_Overhead_Triceps_Extension,en,Sled Overhead Triceps Extension
Sled_Overhead_Triceps_Extension,vi,Đẩy tạ trên đầu kéo tạ (tay sau)
Sled_Push,en,Sled Push
Sled_Push,vi,Đẩy tạ xe
Sled_Reverse_Flye,en,Sled Reverse Flye
Sled_Reverse_Flye,vi,Bay ngược với tạ kéo (Sled)
Sled_Row,en,Sled Row
Sled_Row,vi,Kéo tạ xe trượt
Sledgehammer_Swings,en,Sledgehammer Swings
Sledgehammer_Swings,vi,Đập lốp búa tạ
Smith_Incline_Shoulder_Raise,en,Smith Incline Shoulder Raise
Smith_Incline_Shoulder_Raise,vi,Nhún vai dốc máy Smith
Smith_Machine_Behind_the_Back_Shrug,en,Smith Machine Behind the Back Shrug
Smith_Machine_Behind_the_Back_Shrug,vi,Nhún vai tạ đòn sau lưng máy Smith
Smith_Machine_Bench_Press,en,Smith Machine Bench Press
Smith_Machine_Bench_Press,vi,Đẩy ngực máy Smith
Smith_Machine_Bent_Over_Row,en,Smith Machine Bent Over Row
Smith_Machine_Bent_Over_Row,vi,Kéo lưng gập người máy Smith
Smith_Machine_Calf_Raise,en,Smith Machine Calf Raise
Smith_Machine_Calf_Raise,vi,Nhón gót Smith Machine
Smith_Machine_Close-Grip_Bench_Press,en,Smith Machine Close-Grip Bench Press
Smith_Machine_Close-Grip_Bench_Press,vi,Đẩy ngực trên máy Smith tay hẹp
Smith_Machine_Decline_Press,en,Smith Machine Decline Press
Smith_Machine_Decline_Press,vi,Đẩy ngực dưới máy Smith
Smith_Machine_Hang_Power_Clean,en,Smith Machine Hang Power Clean
Smith_Machine_Hang_Power_Clean,vi,Giật Thanh Đòn Đứng Máy Smith (Hang Clean)
Smith_Machine_Hip_Raise,en,Smith Machine Hip Raise
Smith_Machine_Hip_Raise,vi,Nâng hông trên máy Smith
Smith_Machine_Incline_Bench_Press,en,Smith Machine Incline Bench Press
Smith_Machine_Incline_Bench_Press,vi,Đẩy ngực trên máy Smith
Smith_Machine_Leg_Press,en,Smith Machine Leg Press
Smith_Machine_Leg_Press,vi,Đẩy chân trên máy Smith
Smith_Machine_One-Arm_Upright_Row,en,Smith Machine One-Arm Upright Row
Smith_Machine_One-Arm_Upright_Row,vi,Kéo vai bằng máy Smith 1 tay
Smith_Machine_Overhead_Shoulder_Press,en,Smith Machine Overhead Shoulder Press
Smith_Machine_Overhead_Shoulder_Press,vi,Đẩy vai trên máy Smith
Smith_Machine_Pistol_Squat,en,Smith Machine Pistol Squat
Smith_Machine_Pistol_Squat,vi,Squat 1 Chân Máy Smith
Smith_Machine_Reverse_Calf_Raises,en,Smith Machine Reverse Calf Raises
Smith_Machine_Reverse_Calf_Raises,vi,Gập cổ chân trên máy Smith
Smith_Machine_Squat,en,Smith Machine Squat
Smith_Machine_Squat,vi,Squat máy Smith
Smith_Machine_Stiff-Legged_Deadlift,en,Smith Machine Stiff-Legged Deadlift
Smith_Machine_Stiff-Legged_Deadlift,vi,Deadlift Chân Cứng Máy Smith
Smith_Machine_Upright_Row,en,Smith Machine Upright Row
Smith_Machine_Upright_Row,vi,Kéo tạ thẳng máy Smith
Smith_Single-Leg_Split_Squat,en,Smith Single-Leg Split Squat
Smith_Single-Leg_Split_Squat,vi,Squat một chân trên máy Smith
Snatch,en,Snatch
Snatch,vi,Giật
Snatch_Balance,en,Snatch Balance
Snatch_Balance,vi,Thăng bằng giật
Snatch_Deadlift,en,Snatch Deadlift
Snatch_Deadlift,vi,Kéo gối giật tạ
Snatch_Pull,en,Snatch Pull
Snatch_Pull,vi,Kéo giật
Snatch_Shrug,en,Snatch Shrug
Snatch_Shrug,vi,Nhún vai Snatch
Snatch_from_Blocks,en,Snatch from Blocks
Snatch_from_Blocks,vi,Giật tạ từ bục
Speed_Band_Overhead_Triceps,en,Speed Band Overhead Triceps
Speed_Band_Overhead_Triceps,vi,Đẩy tạ qua đầu với dây kháng lực (tay sau)
Speed_Box_Squat,en,Speed Box Squat
Speed_Box_Squat,vi,Squat hộp tốc độ
Speed_Squats,en,Speed Squats
Speed_Squats,vi,Squat Tốc độ
Spell_Caster,en,Spell Caster
Spell_Caster,vi,Xoay thân người chéo
Spider_Crawl,en,Spider Crawl
Spider_Crawl,vi,Bò nhện
Spider_Curl,en,Spider Curl
Spider_Curl,vi,Cuốn tay trước dốc ghế
Spinal_Stretch,en,Spinal Stretch
Spinal_Stretch,vi,Kéo giãn cột sống
Split_Clean,en,Split Clean
Split_Clean,vi,Tách giật
Split_Jerk,en,Split Jerk
Split_Jerk,vi,Giật tách
Split_Jump,en,Split Jump
Split_Jump,vi,Nhảy tách chân
Split_Snatch,en,Split Snatch
Split_Snatch,vi,Giật tạ kiểu cắt chân
Split_Squat_with_Dumbbells,en,Split Squat with Dumbbells
Split_Squat_with_Dumbbells,vi,Squat một chân tạ đơn
Split_Squats,en,Split Squats
Split_Squats,vi,Squat một chân sau nâng cao
Squat_Jerk,en,Squat Jerk
Squat_Jerk,vi,Cử giật gánh tạ
Squat_with_Bands,en,Squat with Bands
Squat_with_Bands,vi,Squat dây đàn hồi
Squat_with_Chains,en,Squat with Chains
Squat_with_Chains,vi,Squat với dây xích
Squat_with_Plate_Movers,en,Squat with Plate Movers
Squat_with_Plate_Movers,vi,Squat với đĩa di chuyển
Squats_-_With_Bands,en,Squats - With Bands
Squats_-_With_Bands,vi,Squat với dây kháng lực
Stairmaster,en,Stairmaster
Stairmaster,vi,Máy leo cầu thang
Standing_Alternating_Dumbbell_Press,en,Standing Alternating Dumbbell Press
Standing_Alternating_Dumbbell_Press,vi,Đẩy tạ đôi xen kẽ đứng
Standing_Barbell_Calf_Raise,en,Standing Barbell Calf Raise
Standing_Barbell_Calf_Raise,vi,Đứng nhón gót tạ đòn
Standing_Barbell_Press_Behind_Neck,en,Standing Barbell Press Behind Neck
Standing_Barbell_Press_Behind_Neck,vi,Đẩy tạ đòn qua đầu sau gáy đứng
Standing_Bent-Over_One-Arm_Dumbbell_Triceps_Extension,en,Standing Bent-Over One-Arm Dumbbell Triceps Extension
Standing_Bent-Over_One-Arm_Dumbbell_Triceps_Extension,vi,Đá tay sau đơn tạ đơn cúi người đứng
Standing_Bent-Over_Two-Arm_Dumbbell_Triceps_Extension,en,Standing Bent-Over Two-Arm Dumbbell Triceps Extension
Standing_Bent-Over_Two-Arm_Dumbbell_Triceps_Extension,vi,Đẩy tạ tay qua đầu gập người
Standing_Biceps_Cable_Curl,en,Standing Biceps Cable Curl
Standing_Biceps_Cable_Curl,vi,Cuốn bắp tay trước cáp đứng
Standing_Biceps_Stretch,en,Standing Biceps Stretch
Standing_Biceps_Stretch,vi,Kéo giãn bắp tay đứng
Standing_Bradford_Press,en,Standing Bradford Press
Standing_Bradford_Press,vi,Đẩy vai Bradford đứng
Standing_Cable_Chest_Press,en,Standing Cable Chest Press
Standing_Cable_Chest_Press,vi,Đẩy ngực cáp đứng
Standing_Cable_Lift,en,Standing Cable Lift
Standing_Cable_Lift,vi,Kéo cáp đứng chéo
Standing_Cable_Wood_Chop,en,Standing Cable Wood Chop
Standing_Cable_Wood_Chop,vi,Xoay thân cáp đứng
Standing_Calf_Raises,en,Standing Calf Raises
Standing_Calf_Raises,vi,Nhón gót đứng
Standing_Concentration_Curl,en,Standing Concentration Curl
Standing_Concentration_Curl,vi,Cuốn tay trước đứng tập trung
Standing_Dumbbell_Calf_Raise,en,Standing Dumbbell Calf Raise
Standing_Dumbbell_Calf_Raise,vi,Nhón gót đứng với tạ đôi
Standing_Dumbbell_Press,en,Standing Dumbbell Press
Standing_Dumbbell_Press,vi,Đẩy tạ đơn đứng
Standing_Dumbbell_Reverse_Curl,en,Standing Dumbbell Reverse Curl
Standing_Dumbbell_Reverse_Curl,vi,Cuốn ngược tay trước đứng tạ đơn
Standing_Dumbbell_Straight-Arm_Front_Delt_Raise_Above_Head,en,Standing Dumbbell Straight-Arm Front Delt Raise Above Head
Standing_Dumbbell_Straight-Arm_Front_Delt_Raise_Above_Head,vi,Nâng tạ đơn vai trước thẳng tay qua đầu
Standing_Dumbbell_Triceps_Extension,en,Standing Dumbbell Triceps Extension
Standing_Dumbbell_Triceps_Extension,vi,Đẩy tạ đơn qua đầu đứng
Standing_Dumbbell_Upright_Row,en,Standing Dumbbell Upright Row
Standing_Dumbbell_Upright_Row,vi,Kéo tạ đơn lên vai đứng
Standing_Elevated_Quad_Stretch,en,Standing Elevated Quad Stretch
Standing_Elevated_Quad_Stretch,vi,Kéo giãn cơ đùi đứng nâng cao
Standing_Front_Barbell_Raise_Over_Head,en,Standing Front Barbell Raise Over Head
Standing_Front_Barbell_Raise_Over_Head,vi,Nâng tạ đòn qua đầu đứng thẳng
Standing_Gastrocnemius_Calf_Stretch,en,Standing Gastrocnemius Calf Stretch
Standing_Gastrocnemius_Calf_Stretch,vi,Căng bắp chân đứng
Standing_Hamstring_and_Calf_Stretch,en,Standing Hamstring and Calf Stretch
Standing_Hamstring_and_Calf_Stretch,vi,Căng cơ gân kheo và bắp chân đứng
Standing_Hip_Circles,en,Standing Hip Circles
Standing_Hip_Circles,vi,Xoay khớp hông đứng
Standing_Hip_Flexors,en,Standing Hip Flexors
Standing_Hip_Flexors,vi,Nâng gối đứng
Standing_Inner-Biceps_Curl,en,Standing Inner-Biceps Curl
Standing_Inner-Biceps_Curl,vi,Cuốn tay trước đứng (tập bắp tay trong)
Standing_Lateral_Stretch,en,Standing Lateral Stretch
Standing_Lateral_Stretch,vi,Kéo giãn lườn đứng
Standing_Leg_Curl,en,Standing Leg Curl
Standing_Leg_Curl,vi,Cuốn đùi sau đứng
Standing_Long_Jump,en,Standing Long Jump
Standing_Long_Jump,vi,Nhảy Xa Đứng
Standing_Low-Pulley_Deltoid_Raise,en,Standing Low-Pulley Deltoid Raise
Standing_Low-Pulley_Deltoid_Raise,vi,Kéo cáp ngang vai đứng
Standing_Low-Pulley_One-Arm_Triceps_Extension,en,Standing Low-Pulley One-Arm Triceps Extension
Standing_Low-Pulley_One-Arm_Triceps_Extension,vi,Đẩy Tay Sau Cáp Dưới 1 Tay Đứng
Standing_Military_Press,en,Standing Military Press
Standing_Military_Press,vi,Đẩy vai đứng
Standing_Olympic_Plate_Hand_Squeeze,en,Standing Olympic Plate Hand Squeeze
Standing_Olympic_Plate_Hand_Squeeze,vi,Kẹp tạ đứng tập cổ tay
Standing_One-Arm_Cable_Curl,en,Standing One-Arm Cable Curl
Standing_One-Arm_Cable_Curl,vi,Cuốn tay trước cáp đứng 1 bên
Standing_One-Arm_Dumbbell_Curl_Over_Incline_Bench,en,Standing One-Arm Dumbbell Curl Over Incline Bench
Standing_One-Arm_Dumbbell_Curl_Over_Incline_Bench,vi,Cuốn tay đơn với tạ đơn trên ghế dốc
Standing_One-Arm_Dumbbell_Triceps_Extension,en,Standing One-Arm Dumbbell Triceps Extension
Standing_One-Arm_Dumbbell_Triceps_Extension,vi,Đẩy tạ tay sau đầu đứng 1 bên
Standing_Overhead_Barbell_Triceps_Extension,en,Standing Overhead Barbell Triceps Extension
Standing_Overhead_Barbell_Triceps_Extension,vi,Đẩy tạ tay sau đứng qua đầu
Standing_Palm-In_One-Arm_Dumbbell_Press,en,Standing Palm-In One-Arm Dumbbell Press
Standing_Palm-In_One-Arm_Dumbbell_Press,vi,Đẩy tạ đơn đứng tay úp
Standing_Palms-In_Dumbbell_Press,en,Standing Palms-In Dumbbell Press
Standing_Palms-In_Dumbbell_Press,vi,Đẩy vai đứng trung tính
Standing_Palms-Up_Barbell_Behind_The_Back_Wrist_Curl,en,Standing Palms-Up Barbell Behind The Back Wrist Curl
Standing_Palms-Up_Barbell_Behind_The_Back_Wrist_Curl,vi,Cuộn cổ tay tạ đòn sau lưng ngửa tay
Standing_Pelvic_Tilt,en,Standing Pelvic Tilt
Standing_Pelvic_Tilt,vi,Nghiêng khung chậu đứng
Standing_Rope_Crunch,en,Standing Rope Crunch
Standing_Rope_Crunch,vi,Gập bụng đứng kéo cáp
Standing_Soleus_And_Achilles_Stretch,en,Standing Soleus And Achilles Stretch
Standing_Soleus_And_Achilles_Stretch,vi,Kéo giãn cơ Soleus và gân Achilles đứng
Standing_Toe_Touches,en,Standing Toe Touches
Standing_Toe_Touches,vi,Chạm mũi chân đứng
Standing_Towel_Triceps_Extension,en,Standing Towel Triceps Extension
Standing_Towel_Triceps_Extension,vi,Duỗi tay sau đứng với khăn
Standing_Two-Arm_Overhead_Throw,en,Standing Two-Arm Overhead Throw
Standing_Two-Arm_Overhead_Throw,vi,Ném bóng đứng hai tay qua đầu
Star_Jump,en,Star Jump
Star_Jump,vi,Nhảy Ngôi Sao
Step-up_with_Knee_Raise,en,Step-up with Knee Raise
Step-up_with_Knee_Raise,vi,Bước lên nâng gối
Step_Mill,en,Step Mill
Step_Mill,vi,Máy leo cầu thang
Stiff-Legged_Barbell_Deadlift,en,Stiff-Legged Barbell Deadlift
Stiff-Legged_Barbell_Deadlift,vi,Deadlift chân thẳng với tạ đòn
Stiff-Legged_Dumbbell_Deadlift,en,Stiff-Legged Dumbbell Deadlift
Stiff-Legged_Dumbbell_Deadlift,vi,Deadlift Chân Thẳng Tạ Đơn
Stiff_Leg_Barbell_Good_Morning,en,Stiff Leg Barbell Good Morning
Stiff_Leg_Barbell_Good_Morning,vi,Gập người chào với tạ đòn chân thẳng
Stomach_Vacuum,en,Stomach Vacuum
Stomach_Vacuum,vi,Hút bụng
Straight-Arm_Dumbbell_Pullover,en,Straight-Arm Dumbbell Pullover
Straight-Arm_Dumbbell_Pullover,vi,Kéo tạ nằm
Straight-Arm_Pulldown,en,Straight-Arm Pulldown
Straight-Arm_Pulldown,vi,Kéo cáp tay thẳng
Straight_Bar_Bench_Mid_Rows,en,Straight Bar Bench Mid Rows
Straight_Bar_Bench_Mid_Rows,vi,Kéo tạ thanh trên ghế ngang
Straight_Raises_on_Incline_Bench,en,Straight Raises on Incline Bench
Straight_Raises_on_Incline_Bench,vi,Nâng tay thẳng trên ghế dốc
Stride_Jump_Crossover,en,Stride Jump Crossover
Stride_Jump_Crossover,vi,Nhảy bước chéo
Sumo_Deadlift,en,Sumo Deadlift
Sumo_Deadlift,vi,Deadlift kiểu Sumo
Sumo_Deadlift_with_Bands,en,Sumo Deadlift with Bands
Sumo_Deadlift_with_Bands,vi,Deadlift Sumo với dây kháng lực
Sumo_Deadlift_with_Chains,en,Sumo Deadlift with Chains
Sumo_Deadlift_with_Chains,vi,Deadlift Sumo với Dây xích
Superman,en,Superman
Superman,vi,Siêu nhân
Supine_Chest_Throw,en,Supine Chest Throw
Supine_Chest_Throw,vi,Ném bóng ngực nằm
Supine_One-Arm_Overhead_Throw,en,Supine One-Arm Overhead Throw
Supine_One-Arm_Overhead_Throw,vi,Nằm một tay ném bóng qua đầu
Supine_Two-Arm_Overhead_Throw,en,Supine Two-Arm Overhead Throw
Supine_Two-Arm_Overhead_Throw,vi,Ném bóng nằm ngửa hai tay qua đầu
Suspended_Fallout,en,Suspended Fallout
Suspended_Fallout,vi,Trượt dây
Suspended_Push-Up,en,Suspended Push-Up
Suspended_Push-Up,vi,Chống đẩy treo
Suspended_Reverse_Crunch,en,Suspended Reverse Crunch
Suspended_Reverse_Crunch,vi,Gập bụng ngược với dây treo
Suspended_Row,en,Suspended Row
Suspended_Row,vi,Kéo treo
Suspended_Split_Squat,en,Suspended Split Squat
Suspended_Split_Squat,vi,Squat một chân treo
Svend_Press,en,Svend Press
Svend_Press,vi,Đẩy ngực Svend
T-Bar_Row_with_Handle,en,T-Bar Row with Handle
T-Bar_Row_with_Handle,vi,Kéo lưng chữ T tay cầm
Tate_Press,en,Tate Press
Tate_Press,vi,Đẩy Tate
The_Straddle,en,The Straddle
The_Straddle,vi,Giạng chân
Thigh_Abductor,en,Thigh Abductor
Thigh_Abductor,vi,Tách đùi
Thigh_Adductor,en,Thigh Adductor
Thigh_Adductor,vi,Ép đùi trong
Tire_Flip,en,Tire Flip
Tire_Flip,vi,Lật lốp xe
Toe_Touchers,en,Toe Touchers
Toe_Touchers,vi,Chạm ngón chân
Torso_Rotation,en,Torso Rotation
Torso_Rotation,vi,Xoay thân
Trail_Running_Walking,en,Trail Running/Walking
Trail_Running_Walking,vi,Chạy/Đi bộ đường mòn
Trap_Bar_Deadlift,en,Trap Bar Deadlift
Trap_Bar_Deadlift,vi,Deadlift Tạ Lục Giác
Tricep_Dumbbell_Kickback,en,Tricep Dumbbell Kickback
Tricep_Dumbbell_Kickback,vi,Đá tạ đơn sau tay
Tricep_Side_Stretch,en,Tricep Side Stretch
Tricep_Side_Stretch,vi,Căng cơ tay sau sang bên
Triceps_Overhead_Extension_with_Rope,en,Triceps Overhead Extension with Rope
Triceps_Overhead_Extension_with_Rope,vi,Đẩy tạ qua đầu bằng dây thừng
Triceps_Pushdown,en,Triceps Pushdown
Triceps_Pushdown,vi,Đẩy Tay Sau
Triceps_Pushdown_-_Rope_Attachment,en,Triceps Pushdown - Rope Attachment
Triceps_Pushdown_-_Rope_Attachment,vi,Đẩy Tay Sau Với Dây Thừng
Triceps_Pushdown_-_V-Bar_Attachment,en,Triceps Pushdown - V-Bar Attachment
Triceps_Pushdown_-_V-Bar_Attachment,vi,Đẩy Tay Sau Với Thanh V
Triceps_Stretch,en,Triceps Stretch
Triceps_Stretch,vi,Kéo giãn cơ tam đầu
Tuck_Crunch,en,Tuck Crunch
Tuck_Crunch,vi,Gập bụng cuộn người
Two-Arm_Dumbbell_Preacher_Curl,en,Two-Arm Dumbbell Preacher Curl
Two-Arm_Dumbbell_Preacher_Curl,vi,Cuốn tạ đơn ghế dốc hai tay
Two-Arm_Kettlebell_Clean,en,Two-Arm Kettlebell Clean
Two-Arm_Kettlebell_Clean,vi,Đẩy tạ chuông hai tay (hoặc Giật tạ chuông hai tay)
Two-Arm_Kettlebell_Jerk,en,Two-Arm Kettlebell Jerk
Two-Arm_Kettlebell_Jerk,vi,Đẩy tạ chuông hai tay
Two-Arm_Kettlebell_Military_Press,en,Two-Arm Kettlebell Military Press
Two-Arm_Kettlebell_Military_Press,vi,Đẩy tạ chuông qua đầu 2 tay
Two-Arm_Kettlebell_Row,en,Two-Arm Kettlebell Row
Two-Arm_Kettlebell_Row,vi,Kéo tạ chuông hai tay
Underhand_Cable_Pulldowns,en,Underhand Cable Pulldowns
Underhand_Cable_Pulldowns,vi,Kéo xô tay ngược
Upper_Back-Leg_Grab,en,Upper Back-Leg Grab
Upper_Back-Leg_Grab,vi,Cúm chân sau lưng
Upper_Back_Stretch,en,Upper Back Stretch
Upper_Back_Stretch,vi,Căng cơ lưng trên
Upright_Barbell_Row,en,Upright Barbell Row
Upright_Barbell_Row,vi,Kéo tạ đòn lên cao
Upright_Cable_Row,en,Upright Cable Row
Upright_Cable_Row,vi,Kéo cáp đứng
Upright_Row_-_With_Bands,en,Upright Row - With Bands
Upright_Row_-_With_Bands,vi,Kéo tạ đứng với dây kháng lực
Upward_Stretch,en,Upward Stretch
Upward_Stretch,vi,Căng cơ hướng lên
V-Bar_Pulldown,en,V-Bar Pulldown
V-Bar_Pulldown,vi,Kéo xô tay chữ V
V-Bar_Pullup,en,V-Bar Pullup
V-Bar_Pullup,vi,Kéo xô tay nắm chữ V
Vertical_Swing,en,Vertical Swing
Vertical_Swing,vi,Đu người thẳng
Walking_Treadmill,en,"Walking, Treadmill"
Walking_Treadmill,vi,Đi bộ trên máy chạy bộ
Weighted_Ball_Hyperextension,en,Weighted Ball Hyperextension
Weighted_Ball_Hyperextension,vi,Đẩy hông bóng tạ
Weighted_Ball_Side_Bend,en,Weighted Ball Side Bend
Weighted_Ball_Side_Bend,vi,Gập lườn bóng tạ
Weighted_Bench_Dip,en,Weighted Bench Dip
Weighted_Bench_Dip,vi,Nhúng Ghế Tạ
Weighted_Crunches,en,Weighted Crunches
Weighted_Crunches,vi,Gập bụng có tạ
Weighted_Jump_Squat,en,Weighted Jump Squat
Weighted_Jump_Squat,vi,Squat Nhảy Tạ
Weighted_Pull_Ups,en,Weighted Pull Ups
Weighted_Pull_Ups,vi,Hít xà có tạ
Weighted_Sissy_Squat,en,Weighted Sissy Squat
Weighted_Sissy_Squat,vi,Sissy Squat có tạ
Weighted_Sit-Ups_-_With_Bands,en,Weighted Sit-Ups - With Bands
Weighted_Sit-Ups_-_With_Bands,vi,Gập bụng có tạ và dây kháng lực
Weighted_Squat,en,Weighted Squat
Weighted_Squat,vi,Squat gánh tạ
Wide-Grip_Barbell_Bench_Press,en,Wide-Grip Barbell Bench Press
Wide-Grip_Barbell_Bench_Press,vi,Đẩy ngực đòn rộng
Wide-Grip_Decline_Barbell_Bench_Press,en,Wide-Grip Decline Barbell Bench Press
Wide-Grip_Decline_Barbell_Bench_Press,vi,Đẩy ngực dưới tạ đòn rộng tay
Wide-Grip_Decline_Barbell_Pullover,en,Wide-Grip Decline Barbell Pullover
Wide-Grip_Decline_Barbell_Pullover,vi,Kéo tạ đòn dốc xuống tay rộng
Wide-Grip_Lat_Pulldown,en,Wide-Grip Lat Pulldown
Wide-Grip_Lat_Pulldown,vi,Kéo xô rộng
Wide-Grip_Pulldown_Behind_The_Neck,en,Wide-Grip Pulldown Behind The Neck
Wide-Grip_Pulldown_Behind_The_Neck,vi,Kéo xô sau cổ tay rộng
Wide-Grip_Rear_Pull-Up,en,Wide-Grip Rear Pull-Up
Wide-Grip_Rear_Pull-Up,vi,Kéo xô sau tay rộng
Wide-Grip_Standing_Barbell_Curl,en,Wide-Grip Standing Barbell Curl
Wide-Grip_Standing_Barbell_Curl,vi,Cuốn tạ đòn tay rộng
Wide_Stance_Barbell_Squat,en,Wide Stance Barbell Squat
Wide_Stance_Barbell_Squat,vi,Squat thanh tạ rộng chân
Wide_Stance_Stiff_Legs,en,Wide Stance Stiff Legs
Wide_Stance_Stiff_Legs,vi,Deadlift chân rộng
Wind_Sprints,en,Wind Sprints
Wind_Sprints,vi,Chạy nước rút
Windmills,en,Windmills
Windmills,vi,Động tác cối xay gió
Worlds_Greatest_Stretch,en,World's Greatest Stretch
Worlds_Greatest_Stretch,vi,Tư thế giãn cơ tối ưu
Wrist_Circles,en,Wrist Circles
Wrist_Circles,vi,Xoay cổ tay
Wrist_Roller,en,Wrist Roller
Wrist_Roller,vi,Cuộn cổ tay
Wrist_Rotations_with_Straight_Bar,en,Wrist Rotations with Straight Bar
Wrist_Rotations_with_Straight_Bar,vi,Xoay cổ tay tạ thanh
Yoke_Walk,en,Yoke Walk
Yoke_Walk,vi,Đeo khung đi bộ
Zercher_Squats,en,Zercher Squats
Zercher_Squats,vi,Squat Zercher
Zottman_Curl,en,Zottman Curl
Zottman_Curl,vi,Bài tập Zottman curl
Zottman_Preacher_Curl,en,Zottman Preacher Curl
Zottman_Preacher_Curl,vi,Cuộn tay trước Zottman trên ghế tay trước
