exercise_slug,language_code,name,description
3_4_Sit-Up,en,3/4 Sit-Up,
3_4_Sit-Up,vi,,
90_90_Hamstring,en,90/90 Hamstring,
90_90_Hamstring,vi,,
Ab_Crunch_Machine,en,Ab Crunch Machine,
Ab_Crunch_Machine,vi,,
Ab_Roller,en,Ab Roller,
Ab_Roller,vi,,
Adductor,en,Adductor,
Adductor,vi,,
Adductor_Groin,en,Adductor/Groin,
Adductor_Groin,vi,,
Advanced_Kettlebell_Windmill,en,Advanced Kettlebell Windmill,
Advanced_Kettlebell_Windmill,vi,,
Air_Bike,en,Air Bike,
Air_Bike,vi,,
All_Fours_Quad_Stretch,en,All Fours Quad Stretch,
All_Fours_Quad_Stretch,vi,,
Alternate_Hammer_Curl,en,Alternate Hammer Curl,
Alternate_Hammer_Curl,vi,,
Alternate_Heel_Touchers,en,Alternate Heel Touchers,
Alternate_Heel_Touchers,vi,,
Alternate_Incline_Dumbbell_Curl,en,Alternate Incline Dumbbell Curl,
Alternate_Incline_Dumbbell_Curl,vi,,
Alternate_Leg_Diagonal_Bound,en,Alternate Leg Diagonal Bound,
Alternate_Leg_Diagonal_Bound,vi,,
Alternating_Cable_Shoulder_Press,en,Alternating Cable Shoulder Press,
Alternating_Cable_Shoulder_Press,vi,,
Alternating_Deltoid_Raise,en,Alternating Deltoid Raise,
Alternating_Deltoid_Raise,vi,,
Alternating_Floor_Press,en,Alternating Floor Press,
Alternating_Floor_Press,vi,,
Alternating_Hang_Clean,en,Alternating Hang Clean,
Alternating_Hang_Clean,vi,,
Alternating_Kettlebell_Press,en,Alternating Kettlebell Press,
Alternating_Kettlebell_Press,vi,,
Alternating_Kettlebell_Row,en,Alternating Kettlebell Row,
Alternating_Kettlebell_Row,vi,,
Alternating_Renegade_Row,en,Alternating Renegade Row,
Alternating_Renegade_Row,vi,,
Ankle_Circles,en,Ankle Circles,
Ankle_Circles,vi,,
Ankle_On_The_Knee,en,Ankle On The Knee,
Ankle_On_The_Knee,vi,,
Anterior_Tibialis-SMR,en,Anterior Tibialis-SMR,
Anterior_Tibialis-SMR,vi,,
Anti-Gravity_Press,en,Anti-Gravity Press,
Anti-Gravity_Press,vi,,
Arm_Circles,en,Arm Circles,
Arm_Circles,vi,,
Arnold_Dumbbell_Press,en,Arnold Dumbbell Press,
Arnold_Dumbbell_Press,vi,,
Around_The_Worlds,en,Around The Worlds,
Around_The_Worlds,vi,,
Atlas_Stone_Trainer,en,Atlas Stone Trainer,
Atlas_Stone_Trainer,vi,,
Atlas_Stones,en,Atlas Stones,
Atlas_Stones,vi,,
Axle_Deadlift,en,Axle Deadlift,
Axle_Deadlift,vi,,
Back_Flyes_-_With_Bands,en,Back Flyes - With Bands,
Back_Flyes_-_With_Bands,vi,,
Backward_Drag,en,Backward Drag,
Backward_Drag,vi,,
Backward_Medicine_Ball_Throw,en,Backward Medicine Ball Throw,
Backward_Medicine_Ball_Throw,vi,,
Balance_Board,en,Balance Board,
Balance_Board,vi,,
Ball_Leg_Curl,en,Ball Leg Curl,
Ball_Leg_Curl,vi,,
Band_Assisted_Pull-Up,en,Band Assisted Pull-Up,
Band_Assisted_Pull-Up,vi,,
Band_Good_Morning,en,Band Good Morning,
Band_Good_Morning,vi,,
Band_Good_Morning_Pull_Through,en,Band Good Morning (Pull Through),
Band_Good_Morning_Pull_Through,vi,,
Band_Hip_Adductions,en,Band Hip Adductions,
Band_Hip_Adductions,vi,,
Band_Pull_Apart,en,Band Pull Apart,
Band_Pull_Apart,vi,,
Band_Skull_Crusher,en,Band Skull Crusher,
Band_Skull_Crusher,vi,,
Barbell_Ab_Rollout,en,Barbell Ab Rollout,
Barbell_Ab_Rollout,vi,,
Barbell_Ab_Rollout_-_On_Knees,en,Barbell Ab Rollout - On Knees,
Barbell_Ab_Rollout_-_On_Knees,vi,,
Barbell_Bench_Press_-_Medium_Grip,en,Barbell Bench Press - Medium Grip,
Barbell_Bench_Press_-_Medium_Grip,vi,,
Barbell_Curl,en,Barbell Curl,
Barbell_Curl,vi,,
Barbell_Curls_Lying_Against_An_Incline,en,Barbell Curls Lying Against An Incline,
Barbell_Curls_Lying_Against_An_Incline,vi,,
Barbell_Deadlift,en,Barbell Deadlift,
Barbell_Deadlift,vi,,
Barbell_Full_Squat,en,Barbell Full Squat,
Barbell_Full_Squat,vi,,
Barbell_Glute_Bridge,en,Barbell Glute Bridge,
Barbell_Glute_Bridge,vi,,
Barbell_Guillotine_Bench_Press,en,Barbell Guillotine Bench Press,
Barbell_Guillotine_Bench_Press,vi,,
Barbell_Hack_Squat,en,Barbell Hack Squat,
Barbell_Hack_Squat,vi,,
Barbell_Hip_Thrust,en,Barbell Hip Thrust,
Barbell_Hip_Thrust,vi,,
Barbell_Incline_Bench_Press_-_Medium_Grip,en,Barbell Incline Bench Press - Medium Grip,
Barbell_Incline_Bench_Press_-_Medium_Grip,vi,,
Barbell_Incline_Shoulder_Raise,en,Barbell Incline Shoulder Raise,
Barbell_Incline_Shoulder_Raise,vi,,
Barbell_Lunge,en,Barbell Lunge,
Barbell_Lunge,vi,,
Barbell_Rear_Delt_Row,en,Barbell Rear Delt Row,
Barbell_Rear_Delt_Row,vi,,
Barbell_Rollout_from_Bench,en,Barbell Rollout from Bench,
Barbell_Rollout_from_Bench,vi,,
Barbell_Seated_Calf_Raise,en,Barbell Seated Calf Raise,
Barbell_Seated_Calf_Raise,vi,,
Barbell_Shoulder_Press,en,Barbell Shoulder Press,
Barbell_Shoulder_Press,vi,,
Barbell_Shrug,en,Barbell Shrug,
Barbell_Shrug,vi,,
Barbell_Shrug_Behind_The_Back,en,Barbell Shrug Behind The Back,
Barbell_Shrug_Behind_The_Back,vi,,
Barbell_Side_Bend,en,Barbell Side Bend,
Barbell_Side_Bend,vi,,
Barbell_Side_Split_Squat,en,Barbell Side Split Squat,
Barbell_Side_Split_Squat,vi,,
Barbell_Squat,en,Barbell Squat,
Barbell_Squat,vi,,
Barbell_Squat_To_A_Bench,en,Barbell Squat To A Bench,
Barbell_Squat_To_A_Bench,vi,,
Barbell_Step_Ups,en,Barbell Step Ups,
Barbell_Step_Ups,vi,,
Barbell_Walking_Lunge,en,Barbell Walking Lunge,
Barbell_Walking_Lunge,vi,,
Battling_Ropes,en,Battling Ropes,
Battling_Ropes,vi,,
Bear_Crawl_Sled_Drags,en,Bear Crawl Sled Drags,
Bear_Crawl_Sled_Drags,vi,,
Behind_Head_Chest_Stretch,en,Behind Head Chest Stretch,
Behind_Head_Chest_Stretch,vi,,
Bench_Dips,en,Bench Dips,
Bench_Dips,vi,,
Bench_Jump,en,Bench Jump,
Bench_Jump,vi,,
Bench_Press_-_Powerlifting,en,Bench Press - Powerlifting,
Bench_Press_-_Powerlifting,vi,,
Bench_Press_-_With_Bands,en,Bench Press - With Bands,
Bench_Press_-_With_Bands,vi,,
Bench_Press_with_Chains,en,Bench Press with Chains,
Bench_Press_with_Chains,vi,,
Bench_Sprint,en,Bench Sprint,
Bench_Sprint,vi,,
Bent-Arm_Barbell_Pullover,en,Bent-Arm Barbell Pullover,
Bent-Arm_Barbell_Pullover,vi,,
Bent-Arm_Dumbbell_Pullover,en,Bent-Arm Dumbbell Pullover,
Bent-Arm_Dumbbell_Pullover,vi,,
Bent-Knee_Hip_Raise,en,Bent-Knee Hip Raise,
Bent-Knee_Hip_Raise,vi,,
Bent_Over_Barbell_Row,en,Bent Over Barbell Row,
Bent_Over_Barbell_Row,vi,,
Bent_Over_Dumbbell_Rear_Delt_Raise_With_Head_On_Bench,en,Bent Over Dumbbell Rear Delt Raise With Head On Bench,
Bent_Over_Dumbbell_Rear_Delt_Raise_With_Head_On_Bench,vi,,
Bent_Over_Low-Pulley_Side_Lateral,en,Bent Over Low-Pulley Side Lateral,
Bent_Over_Low-Pulley_Side_Lateral,vi,,
Bent_Over_One-Arm_Long_Bar_Row,en,Bent Over One-Arm Long Bar Row,
Bent_Over_One-Arm_Long_Bar_Row,vi,,
Bent_Over_Two-Arm_Long_Bar_Row,en,Bent Over Two-Arm Long Bar Row,
Bent_Over_Two-Arm_Long_Bar_Row,vi,,
Bent_Over_Two-Dumbbell_Row,en,Bent Over Two-Dumbbell Row,
Bent_Over_Two-Dumbbell_Row,vi,,
Bent_Over_Two-Dumbbell_Row_With_Palms_In,en,Bent Over Two-Dumbbell Row With Palms In,
Bent_Over_Two-Dumbbell_Row_With_Palms_In,vi,,
Bent_Press,en,Bent Press,
Bent_Press,vi,,
Bicycling,en,Bicycling,
Bicycling,vi,,
Bicycling_Stationary,en,"Bicycling, Stationary",
Bicycling_Stationary,vi,,
Board_Press,en,Board Press,
Board_Press,vi,,
Body-Up,en,Body-Up,
Body-Up,vi,,
Body_Tricep_Press,en,Body Tricep Press,
Body_Tricep_Press,vi,,
Bodyweight_Flyes,en,Bodyweight Flyes,
Bodyweight_Flyes,vi,,
Bodyweight_Mid_Row,en,Bodyweight Mid Row,
Bodyweight_Mid_Row,vi,,
Bodyweight_Squat,en,Bodyweight Squat,
Bodyweight_Squat,vi,,
Bodyweight_Walking_Lunge,en,Bodyweight Walking Lunge,
Bodyweight_Walking_Lunge,vi,,
Bosu_Ball_Cable_Crunch_With_Side_Bends,en,Bosu Ball Cable Crunch With Side Bends,
Bosu_Ball_Cable_Crunch_With_Side_Bends,vi,,
Bottoms-Up_Clean_From_The_Hang_Position,en,Bottoms-Up Clean From The Hang Position,
Bottoms-Up_Clean_From_The_Hang_Position,vi,,
Bottoms_Up,en,Bottoms Up,
Bottoms_Up,vi,,
Box_Jump_Multiple_Response,en,Box Jump (Multiple Response),
Box_Jump_Multiple_Response,vi,,
Box_Skip,en,Box Skip,
Box_Skip,vi,,
Box_Squat,en,Box Squat,
Box_Squat,vi,,
Box_Squat_with_Bands,en,Box Squat with Bands,
Box_Squat_with_Bands,vi,,
Box_Squat_with_Chains,en,Box Squat with Chains,
Box_Squat_with_Chains,vi,,
Brachialis-SMR,en,Brachialis-SMR,
Brachialis-SMR,vi,,
Bradford_Rocky_Presses,en,Bradford/Rocky Presses,
Bradford_Rocky_Presses,vi,,
Butt-Ups,en,Butt-Ups,
Butt-Ups,vi,,
Butt_Lift_Bridge,en,Butt Lift (Bridge),
Butt_Lift_Bridge,vi,,
Butterfly,en,Butterfly,
Butterfly,vi,,
Cable_Chest_Press,en,Cable Chest Press,
Cable_Chest_Press,vi,,
Cable_Crossover,en,Cable Crossover,
Cable_Crossover,vi,,
Cable_Crunch,en,Cable Crunch,
Cable_Crunch,vi,,
Cable_Deadlifts,en,Cable Deadlifts,
Cable_Deadlifts,vi,,
Cable_Hammer_Curls_-_Rope_Attachment,en,Cable Hammer Curls - Rope Attachment,
Cable_Hammer_Curls_-_Rope_Attachment,vi,,
Cable_Hip_Adduction,en,Cable Hip Adduction,
Cable_Hip_Adduction,vi,,
Cable_Incline_Pushdown,en,Cable Incline Pushdown,
Cable_Incline_Pushdown,vi,,
Cable_Incline_Triceps_Extension,en,Cable Incline Triceps Extension,
Cable_Incline_Triceps_Extension,vi,,
Cable_Internal_Rotation,en,Cable Internal Rotation,
Cable_Internal_Rotation,vi,,
Cable_Iron_Cross,en,Cable Iron Cross,
Cable_Iron_Cross,vi,,
Cable_Judo_Flip,en,Cable Judo Flip,
Cable_Judo_Flip,vi,,
Cable_Lying_Triceps_Extension,en,Cable Lying Triceps Extension,
Cable_Lying_Triceps_Extension,vi,,
Cable_One_Arm_Tricep_Extension,en,Cable One Arm Tricep Extension,
Cable_One_Arm_Tricep_Extension,vi,,
Cable_Preacher_Curl,en,Cable Preacher Curl,
Cable_Preacher_Curl,vi,,
Cable_Rear_Delt_Fly,en,Cable Rear Delt Fly,
Cable_Rear_Delt_Fly,vi,,
Cable_Reverse_Crunch,en,Cable Reverse Crunch,
Cable_Reverse_Crunch,vi,,
Cable_Rope_Overhead_Triceps_Extension,en,Cable Rope Overhead Triceps Extension,
Cable_Rope_Overhead_Triceps_Extension,vi,,
Cable_Rope_Rear-Delt_Rows,en,Cable Rope Rear-Delt Rows,
Cable_Rope_Rear-Delt_Rows,vi,,
Cable_Russian_Twists,en,Cable Russian Twists,
Cable_Russian_Twists,vi,,
Cable_Seated_Crunch,en,Cable Seated Crunch,
Cable_Seated_Crunch,vi,,
Cable_Seated_Lateral_Raise,en,Cable Seated Lateral Raise,
Cable_Seated_Lateral_Raise,vi,,
Cable_Shoulder_Press,en,Cable Shoulder Press,
Cable_Shoulder_Press,vi,,
Cable_Shrugs,en,Cable Shrugs,
Cable_Shrugs,vi,,
Cable_Wrist_Curl,en,Cable Wrist Curl,
Cable_Wrist_Curl,vi,,
Calf-Machine_Shoulder_Shrug,en,Calf-Machine Shoulder Shrug,
Calf-Machine_Shoulder_Shrug,vi,,
Calf_Press,en,Calf Press,
Calf_Press,vi,,
Calf_Press_On_The_Leg_Press_Machine,en,Calf Press On The Leg Press Machine,
Calf_Press_On_The_Leg_Press_Machine,vi,,
Calf_Raise_On_A_Dumbbell,en,Calf Raise On A Dumbbell,
Calf_Raise_On_A_Dumbbell,vi,,
Calf_Raises_-_With_Bands,en,Calf Raises - With Bands,
Calf_Raises_-_With_Bands,vi,,
Calf_Stretch_Elbows_Against_Wall,en,Calf Stretch Elbows Against Wall,
Calf_Stretch_Elbows_Against_Wall,vi,,
Calf_Stretch_Hands_Against_Wall,en,Calf Stretch Hands Against Wall,
Calf_Stretch_Hands_Against_Wall,vi,,
Calves-SMR,en,Calves-SMR,
Calves-SMR,vi,,
Car_Deadlift,en,Car Deadlift,
Car_Deadlift,vi,,
Car_Drivers,en,Car Drivers,
Car_Drivers,vi,,
Carioca_Quick_Step,en,Carioca Quick Step,
Carioca_Quick_Step,vi,,
Cat_Stretch,en,Cat Stretch,
Cat_Stretch,vi,,
Catch_and_Overhead_Throw,en,Catch and Overhead Throw,
Catch_and_Overhead_Throw,vi,,
Chain_Handle_Extension,en,Chain Handle Extension,
Chain_Handle_Extension,vi,,
Chain_Press,en,Chain Press,
Chain_Press,vi,,
Chair_Leg_Extended_Stretch,en,Chair Leg Extended Stretch,
Chair_Leg_Extended_Stretch,vi,,
Chair_Lower_Back_Stretch,en,Chair Lower Back Stretch,
Chair_Lower_Back_Stretch,vi,,
Chair_Squat,en,Chair Squat,
Chair_Squat,vi,,
Chair_Upper_Body_Stretch,en,Chair Upper Body Stretch,
Chair_Upper_Body_Stretch,vi,,
Chest_And_Front_Of_Shoulder_Stretch,en,Chest And Front Of Shoulder Stretch,
Chest_And_Front_Of_Shoulder_Stretch,vi,,
Chest_Push_from_3_point_stance,en,Chest Push from 3 point stance,
Chest_Push_from_3_point_stance,vi,,
Chest_Push_multiple_response,en,Chest Push (multiple response),
Chest_Push_multiple_response,vi,,
Chest_Push_single_response,en,Chest Push (single response),
Chest_Push_single_response,vi,,
Chest_Push_with_Run_Release,en,Chest Push with Run Release,
Chest_Push_with_Run_Release,vi,,
Chest_Stretch_on_Stability_Ball,en,Chest Stretch on Stability Ball,
Chest_Stretch_on_Stability_Ball,vi,,
Childs_Pose,en,Child's Pose,
Childs_Pose,vi,,
Chin-Up,en,Chin-Up,
Chin-Up,vi,,
Chin_To_Chest_Stretch,en,Chin To Chest Stretch,
Chin_To_Chest_Stretch,vi,,
Circus_Bell,en,Circus Bell,
Circus_Bell,vi,,
Clean,en,Clean,
Clean,vi,,
Clean_Deadlift,en,Clean Deadlift,
Clean_Deadlift,vi,,
Clean_Pull,en,Clean Pull,
Clean_Pull,vi,,
Clean_Shrug,en,Clean Shrug,
Clean_Shrug,vi,,
Clean_and_Jerk,en,Clean and Jerk,
Clean_and_Jerk,vi,,
Clean_and_Press,en,Clean and Press,
Clean_and_Press,vi,,
Clean_from_Blocks,en,Clean from Blocks,
Clean_from_Blocks,vi,,
Clock_Push-Up,en,Clock Push-Up,
Clock_Push-Up,vi,,
Close-Grip_Barbell_Bench_Press,en,Close-Grip Barbell Bench Press,
Close-Grip_Barbell_Bench_Press,vi,,
Close-Grip_Dumbbell_Press,en,Close-Grip Dumbbell Press,
Close-Grip_Dumbbell_Press,vi,,
Close-Grip_EZ-Bar_Curl_with_Band,en,Close-Grip EZ-Bar Curl with Band,
Close-Grip_EZ-Bar_Curl_with_Band,vi,,
Close-Grip_EZ-Bar_Press,en,Close-Grip EZ-Bar Press,
Close-Grip_EZ-Bar_Press,vi,,
Close-Grip_EZ_Bar_Curl,en,Close-Grip EZ Bar Curl,
Close-Grip_EZ_Bar_Curl,vi,,
Close-Grip_Front_Lat_Pulldown,en,Close-Grip Front Lat Pulldown,
Close-Grip_Front_Lat_Pulldown,vi,,
Close-Grip_Push-Up_off_of_a_Dumbbell,en,Close-Grip Push-Up off of a Dumbbell,
Close-Grip_Push-Up_off_of_a_Dumbbell,vi,,
Close-Grip_Standing_Barbell_Curl,en,Close-Grip Standing Barbell Curl,
Close-Grip_Standing_Barbell_Curl,vi,,
Cocoons,en,Cocoons,
Cocoons,vi,,
Conans_Wheel,en,Conan's Wheel,
Conans_Wheel,vi,,
Concentration_Curls,en,Concentration Curls,
Concentration_Curls,vi,,
Cross-Body_Crunch,en,Cross-Body Crunch,
Cross-Body_Crunch,vi,,
Cross_Body_Hammer_Curl,en,Cross Body Hammer Curl,
Cross_Body_Hammer_Curl,vi,,
Cross_Over_-_With_Bands,en,Cross Over - With Bands,
Cross_Over_-_With_Bands,vi,,
Crossover_Reverse_Lunge,en,Crossover Reverse Lunge,
Crossover_Reverse_Lunge,vi,,
Crucifix,en,Crucifix,
Crucifix,vi,,
Crunch_-_Hands_Overhead,en,Crunch - Hands Overhead,
Crunch_-_Hands_Overhead,vi,,
Crunch_-_Legs_On_Exercise_Ball,en,Crunch - Legs On Exercise Ball,
Crunch_-_Legs_On_Exercise_Ball,vi,,
Crunches,en,Crunches,
Crunches,vi,,
Cuban_Press,en,Cuban Press,
Cuban_Press,vi,,
Dancers_Stretch,en,Dancer's Stretch,
Dancers_Stretch,vi,,
Dead_Bug,en,Dead Bug,
Dead_Bug,vi,,
Deadlift_with_Bands,en,Deadlift with Bands,
Deadlift_with_Bands,vi,,
Deadlift_with_Chains,en,Deadlift with Chains,
Deadlift_with_Chains,vi,,
Decline_Barbell_Bench_Press,en,Decline Barbell Bench Press,
Decline_Barbell_Bench_Press,vi,,
Decline_Close-Grip_Bench_To_Skull_Crusher,en,Decline Close-Grip Bench To Skull Crusher,
Decline_Close-Grip_Bench_To_Skull_Crusher,vi,,
Decline_Crunch,en,Decline Crunch,
Decline_Crunch,vi,,
Decline_Dumbbell_Bench_Press,en,Decline Dumbbell Bench Press,
Decline_Dumbbell_Bench_Press,vi,,
Decline_Dumbbell_Flyes,en,Decline Dumbbell Flyes,
Decline_Dumbbell_Flyes,vi,,
Decline_Dumbbell_Triceps_Extension,en,Decline Dumbbell Triceps Extension,
Decline_Dumbbell_Triceps_Extension,vi,,
Decline_EZ_Bar_Triceps_Extension,en,Decline EZ Bar Triceps Extension,
Decline_EZ_Bar_Triceps_Extension,vi,,
Decline_Oblique_Crunch,en,Decline Oblique Crunch,
Decline_Oblique_Crunch,vi,,
Decline_Push-Up,en,Decline Push-Up,
Decline_Push-Up,vi,,
Decline_Reverse_Crunch,en,Decline Reverse Crunch,
Decline_Reverse_Crunch,vi,,
Decline_Smith_Press,en,Decline Smith Press,
Decline_Smith_Press,vi,,
Deficit_Deadlift,en,Deficit Deadlift,
Deficit_Deadlift,vi,,
Depth_Jump_Leap,en,Depth Jump Leap,
Depth_Jump_Leap,vi,,
Dip_Machine,en,Dip Machine,
Dip_Machine,vi,,
Dips_-_Chest_Version,en,Dips - Chest Version,
Dips_-_Chest_Version,vi,,
Dips_-_Triceps_Version,en,Dips - Triceps Version,
Dips_-_Triceps_Version,vi,,
Donkey_Calf_Raises,en,Donkey Calf Raises,
Donkey_Calf_Raises,vi,,
Double_Kettlebell_Alternating_Hang_Clean,en,Double Kettlebell Alternating Hang Clean,
Double_Kettlebell_Alternating_Hang_Clean,vi,,
Double_Kettlebell_Jerk,en,Double Kettlebell Jerk,
Double_Kettlebell_Jerk,vi,,
Double_Kettlebell_Push_Press,en,Double Kettlebell Push Press,
Double_Kettlebell_Push_Press,vi,,
Double_Kettlebell_Snatch,en,Double Kettlebell Snatch,
Double_Kettlebell_Snatch,vi,,
Double_Kettlebell_Windmill,en,Double Kettlebell Windmill,
Double_Kettlebell_Windmill,vi,,
Double_Leg_Butt_Kick,en,Double Leg Butt Kick,
Double_Leg_Butt_Kick,vi,,
Downward_Facing_Balance,en,Downward Facing Balance,
Downward_Facing_Balance,vi,,
Drag_Curl,en,Drag Curl,
Drag_Curl,vi,,
Drop_Push,en,Drop Push,
Drop_Push,vi,,
Dumbbell_Alternate_Bicep_Curl,en,Dumbbell Alternate Bicep Curl,
Dumbbell_Alternate_Bicep_Curl,vi,,
Dumbbell_Bench_Press,en,Dumbbell Bench Press,
Dumbbell_Bench_Press,vi,,
Dumbbell_Bench_Press_with_Neutral_Grip,en,Dumbbell Bench Press with Neutral Grip,
Dumbbell_Bench_Press_with_Neutral_Grip,vi,,
Dumbbell_Bicep_Curl,en,Dumbbell Bicep Curl,
Dumbbell_Bicep_Curl,vi,,
Dumbbell_Clean,en,Dumbbell Clean,
Dumbbell_Clean,vi,,
Dumbbell_Floor_Press,en,Dumbbell Floor Press,
Dumbbell_Floor_Press,vi,,
Dumbbell_Flyes,en,Dumbbell Flyes,
Dumbbell_Flyes,vi,,
Dumbbell_Incline_Row,en,Dumbbell Incline Row,
Dumbbell_Incline_Row,vi,,
Dumbbell_Incline_Shoulder_Raise,en,Dumbbell Incline Shoulder Raise,
Dumbbell_Incline_Shoulder_Raise,vi,,
Dumbbell_Lunges,en,Dumbbell Lunges,
Dumbbell_Lunges,vi,,
Dumbbell_Lying_One-Arm_Rear_Lateral_Raise,en,Dumbbell Lying One-Arm Rear Lateral Raise,
Dumbbell_Lying_One-Arm_Rear_Lateral_Raise,vi,,
Dumbbell_Lying_Pronation,en,Dumbbell Lying Pronation,
Dumbbell_Lying_Pronation,vi,,
Dumbbell_Lying_Rear_Lateral_Raise,en,Dumbbell Lying Rear Lateral Raise,
Dumbbell_Lying_Rear_Lateral_Raise,vi,,
Dumbbell_Lying_Supination,en,Dumbbell Lying Supination,
Dumbbell_Lying_Supination,vi,,
Dumbbell_One-Arm_Shoulder_Press,en,Dumbbell One-Arm Shoulder Press,
Dumbbell_One-Arm_Shoulder_Press,vi,,
Dumbbell_One-Arm_Triceps_Extension,en,Dumbbell One-Arm Triceps Extension,
Dumbbell_One-Arm_Triceps_Extension,vi,,
Dumbbell_One-Arm_Upright_Row,en,Dumbbell One-Arm Upright Row,
Dumbbell_One-Arm_Upright_Row,vi,,
Dumbbell_Prone_Incline_Curl,en,Dumbbell Prone Incline Curl,
Dumbbell_Prone_Incline_Curl,vi,,
Dumbbell_Raise,en,Dumbbell Raise,
Dumbbell_Raise,vi,,
Dumbbell_Rear_Lunge,en,Dumbbell Rear Lunge,
Dumbbell_Rear_Lunge,vi,,
Dumbbell_Scaption,en,Dumbbell Scaption,
Dumbbell_Scaption,vi,,
Dumbbell_Seated_Box_Jump,en,Dumbbell Seated Box Jump,
Dumbbell_Seated_Box_Jump,vi,,
Dumbbell_Seated_One-Leg_Calf_Raise,en,Dumbbell Seated One-Leg Calf Raise,
Dumbbell_Seated_One-Leg_Calf_Raise,vi,,
Dumbbell_Shoulder_Press,en,Dumbbell Shoulder Press,
Dumbbell_Shoulder_Press,vi,,
Dumbbell_Shrug,en,Dumbbell Shrug,
Dumbbell_Shrug,vi,,
Dumbbell_Side_Bend,en,Dumbbell Side Bend,
Dumbbell_Side_Bend,vi,,
Dumbbell_Squat,en,Dumbbell Squat,
Dumbbell_Squat,vi,,
Dumbbell_Squat_To_A_Bench,en,Dumbbell Squat To A Bench,
Dumbbell_Squat_To_A_Bench,vi,,
Dumbbell_Step_Ups,en,Dumbbell Step Ups,
Dumbbell_Step_Ups,vi,,
Dumbbell_Tricep_Extension_-Pronated_Grip,en,Dumbbell Tricep Extension -Pronated Grip,
Dumbbell_Tricep_Extension_-Pronated_Grip,vi,,
Dynamic_Back_Stretch,en,Dynamic Back Stretch,
Dynamic_Back_Stretch,vi,,
Dynamic_Chest_Stretch,en,Dynamic Chest Stretch,
Dynamic_Chest_Stretch,vi,,
EZ-Bar_Curl,en,EZ-Bar Curl,
EZ-Bar_Curl,vi,,
EZ-Bar_Skullcrusher,en,EZ-Bar Skullcrusher,
EZ-Bar_Skullcrusher,vi,,
Elbow_Circles,en,Elbow Circles,
Elbow_Circles,vi,,
Elbow_to_Knee,en,Elbow to Knee,
Elbow_to_Knee,vi,,
Elbows_Back,en,Elbows Back,
Elbows_Back,vi,,
Elevated_Back_Lunge,en,Elevated Back Lunge,
Elevated_Back_Lunge,vi,,
Elevated_Cable_Rows,en,Elevated Cable Rows,
Elevated_Cable_Rows,vi,,
Elliptical_Trainer,en,Elliptical Trainer,
Elliptical_Trainer,vi,,
Exercise_Ball_Crunch,en,Exercise Ball Crunch,
Exercise_Ball_Crunch,vi,,
Exercise_Ball_Pull-In,en,Exercise Ball Pull-In,
Exercise_Ball_Pull-In,vi,,
Extended_Range_One-Arm_Kettlebell_Floor_Press,en,Extended Range One-Arm Kettlebell Floor Press,
Extended_Range_One-Arm_Kettlebell_Floor_Press,vi,,
External_Rotation,en,External Rotation,
External_Rotation,vi,,
External_Rotation_with_Band,en,External Rotation with Band,
External_Rotation_with_Band,vi,,
External_Rotation_with_Cable,en,External Rotation with Cable,
External_Rotation_with_Cable,vi,,
Face_Pull,en,Face Pull,
Face_Pull,vi,,
Farmers_Walk,en,Farmer's Walk,
Farmers_Walk,vi,,
Fast_Skipping,en,Fast Skipping,
Fast_Skipping,vi,,
Finger_Curls,en,Finger Curls,
Finger_Curls,vi,,
Flat_Bench_Cable_Flyes,en,Flat Bench Cable Flyes,
Flat_Bench_Cable_Flyes,vi,,
Flat_Bench_Leg_Pull-In,en,Flat Bench Leg Pull-In,
Flat_Bench_Leg_Pull-In,vi,,
Flat_Bench_Lying_Leg_Raise,en,Flat Bench Lying Leg Raise,
Flat_Bench_Lying_Leg_Raise,vi,,
Flexor_Incline_Dumbbell_Curls,en,Flexor Incline Dumbbell Curls,
Flexor_Incline_Dumbbell_Curls,vi,,
Floor_Glute-Ham_Raise,en,Floor Glute-Ham Raise,
Floor_Glute-Ham_Raise,vi,,
Floor_Press,en,Floor Press,
Floor_Press,vi,,
Floor_Press_with_Chains,en,Floor Press with Chains,
Floor_Press_with_Chains,vi,,
Flutter_Kicks,en,Flutter Kicks,
Flutter_Kicks,vi,,
Foot-SMR,en,Foot-SMR,
Foot-SMR,vi,,
Forward_Drag_with_Press,en,Forward Drag with Press,
Forward_Drag_with_Press,vi,,
Frankenstein_Squat,en,Frankenstein Squat,
Frankenstein_Squat,vi,,
Freehand_Jump_Squat,en,Freehand Jump Squat,
Freehand_Jump_Squat,vi,,
Frog_Hops,en,Frog Hops,
Frog_Hops,vi,,
Frog_Sit-Ups,en,Frog Sit-Ups,
Frog_Sit-Ups,vi,,
Front_Barbell_Squat,en,Front Barbell Squat,
Front_Barbell_Squat,vi,,
Front_Barbell_Squat_To_A_Bench,en,Front Barbell Squat To A Bench,
Front_Barbell_Squat_To_A_Bench,vi,,
Front_Box_Jump,en,Front Box Jump,
Front_Box_Jump,vi,,
Front_Cable_Raise,en,Front Cable Raise,
Front_Cable_Raise,vi,,
Front_Cone_Hops_or_hurdle_hops,en,Front Cone Hops (or hurdle hops),
Front_Cone_Hops_or_hurdle_hops,vi,,
Front_Dumbbell_Raise,en,Front Dumbbell Raise,
Front_Dumbbell_Raise,vi,,
Front_Incline_Dumbbell_Raise,en,Front Incline Dumbbell Raise,
Front_Incline_Dumbbell_Raise,vi,,
Front_Leg_Raises,en,Front Leg Raises,
Front_Leg_Raises,vi,,
Front_Plate_Raise,en,Front Plate Raise,
Front_Plate_Raise,vi,,
Front_Raise_And_Pullover,en,Front Raise And Pullover,
Front_Raise_And_Pullover,vi,,
Front_Squat_Clean_Grip,en,Front Squat (Clean Grip),
Front_Squat_Clean_Grip,vi,,
Front_Squats_With_Two_Kettlebells,en,Front Squats With Two Kettlebells,
Front_Squats_With_Two_Kettlebells,vi,,
Front_Two-Dumbbell_Raise,en,Front Two-Dumbbell Raise,
Front_Two-Dumbbell_Raise,vi,,
Full_Range-Of-Motion_Lat_Pulldown,en,Full Range-Of-Motion Lat Pulldown,
Full_Range-Of-Motion_Lat_Pulldown,vi,,
Gironda_Sternum_Chins,en,Gironda Sternum Chins,
Gironda_Sternum_Chins,vi,,
Glute_Ham_Raise,en,Glute Ham Raise,
Glute_Ham_Raise,vi,,
Glute_Kickback,en,Glute Kickback,
Glute_Kickback,vi,,
Goblet_Squat,en,Goblet Squat,
Goblet_Squat,vi,,
Good_Morning,en,Good Morning,
Good_Morning,vi,,
Good_Morning_off_Pins,en,Good Morning off Pins,
Good_Morning_off_Pins,vi,,
Gorilla_Chin_Crunch,en,Gorilla Chin/Crunch,
Gorilla_Chin_Crunch,vi,,
Groin_and_Back_Stretch,en,Groin and Back Stretch,
Groin_and_Back_Stretch,vi,,
Groiners,en,Groiners,
Groiners,vi,,
Hack_Squat,en,Hack Squat,
Hack_Squat,vi,,
Hammer_Curls,en,Hammer Curls,
Hammer_Curls,vi,,
Hammer_Grip_Incline_DB_Bench_Press,en,Hammer Grip Incline DB Bench Press,
Hammer_Grip_Incline_DB_Bench_Press,vi,,
Hamstring-SMR,en,Hamstring-SMR,
Hamstring-SMR,vi,,
Hamstring_Stretch,en,Hamstring Stretch,
Hamstring_Stretch,vi,,
Handstand_Push-Ups,en,Handstand Push-Ups,
Handstand_Push-Ups,vi,,
Hang_Clean,en,Hang Clean,
Hang_Clean,vi,,
Hang_Clean_-_Below_the_Knees,en,Hang Clean - Below the Knees,
Hang_Clean_-_Below_the_Knees,vi,,
Hang_Snatch,en,Hang Snatch,
Hang_Snatch,vi,,
Hang_Snatch_-_Below_Knees,en,Hang Snatch - Below Knees,
Hang_Snatch_-_Below_Knees,vi,,
Hanging_Bar_Good_Morning,en,Hanging Bar Good Morning,
Hanging_Bar_Good_Morning,vi,,
Hanging_Leg_Raise,en,Hanging Leg Raise,
Hanging_Leg_Raise,vi,,
Hanging_Pike,en,Hanging Pike,
Hanging_Pike,vi,,
Heaving_Snatch_Balance,en,Heaving Snatch Balance,
Heaving_Snatch_Balance,vi,,
Heavy_Bag_Thrust,en,Heavy Bag Thrust,
Heavy_Bag_Thrust,vi,,
High_Cable_Curls,en,High Cable Curls,
High_Cable_Curls,vi,,
Hip_Circles_prone,en,Hip Circles (prone),
Hip_Circles_prone,vi,,
Hip_Extension_with_Bands,en,Hip Extension with Bands,
Hip_Extension_with_Bands,vi,,
Hip_Flexion_with_Band,en,Hip Flexion with Band,
Hip_Flexion_with_Band,vi,,
Hip_Lift_with_Band,en,Hip Lift with Band,
Hip_Lift_with_Band,vi,,
Hug_A_Ball,en,Hug A Ball,
Hug_A_Ball,vi,,
Hug_Knees_To_Chest,en,Hug Knees To Chest,
Hug_Knees_To_Chest,vi,,
Hurdle_Hops,en,Hurdle Hops,
Hurdle_Hops,vi,,
Hyperextensions_Back_Extensions,en,Hyperextensions (Back Extensions),
Hyperextensions_Back_Extensions,vi,,
Hyperextensions_With_No_Hyperextension_Bench,en,Hyperextensions With No Hyperextension Bench,
Hyperextensions_With_No_Hyperextension_Bench,vi,,
IT_Band_and_Glute_Stretch,en,IT Band and Glute Stretch,
IT_Band_and_Glute_Stretch,vi,,
Iliotibial_Tract-SMR,en,Iliotibial Tract-SMR,
Iliotibial_Tract-SMR,vi,,
Inchworm,en,Inchworm,
Inchworm,vi,,
Incline_Barbell_Triceps_Extension,en,Incline Barbell Triceps Extension,
Incline_Barbell_Triceps_Extension,vi,,
Incline_Bench_Pull,en,Incline Bench Pull,
Incline_Bench_Pull,vi,,
Incline_Cable_Chest_Press,en,Incline Cable Chest Press,
Incline_Cable_Chest_Press,vi,,
Incline_Cable_Flye,en,Incline Cable Flye,
Incline_Cable_Flye,vi,,
Incline_Dumbbell_Bench_With_Palms_Facing_In,en,Incline Dumbbell Bench With Palms Facing In,
Incline_Dumbbell_Bench_With_Palms_Facing_In,vi,,
Incline_Dumbbell_Curl,en,Incline Dumbbell Curl,
Incline_Dumbbell_Curl,vi,,
Incline_Dumbbell_Flyes,en,Incline Dumbbell Flyes,
Incline_Dumbbell_Flyes,vi,,
Incline_Dumbbell_Flyes_-_With_A_Twist,en,Incline Dumbbell Flyes - With A Twist,
Incline_Dumbbell_Flyes_-_With_A_Twist,vi,,
Incline_Dumbbell_Press,en,Incline Dumbbell Press,
Incline_Dumbbell_Press,vi,,
Incline_Hammer_Curls,en,Incline Hammer Curls,
Incline_Hammer_Curls,vi,,
Incline_Inner_Biceps_Curl,en,Incline Inner Biceps Curl,
Incline_Inner_Biceps_Curl,vi,,
Incline_Push-Up,en,Incline Push-Up,
Incline_Push-Up,vi,,
Incline_Push-Up_Close-Grip,en,Incline Push-Up Close-Grip,
Incline_Push-Up_Close-Grip,vi,,
Incline_Push-Up_Depth_Jump,en,Incline Push-Up Depth Jump,
Incline_Push-Up_Depth_Jump,vi,,
Incline_Push-Up_Medium,en,Incline Push-Up Medium,
Incline_Push-Up_Medium,vi,,
Incline_Push-Up_Reverse_Grip,en,Incline Push-Up Reverse Grip,
Incline_Push-Up_Reverse_Grip,vi,,
Incline_Push-Up_Wide,en,Incline Push-Up Wide,
Incline_Push-Up_Wide,vi,,
Intermediate_Groin_Stretch,en,Intermediate Groin Stretch,
Intermediate_Groin_Stretch,vi,,
Intermediate_Hip_Flexor_and_Quad_Stretch,en,Intermediate Hip Flexor and Quad Stretch,
Intermediate_Hip_Flexor_and_Quad_Stretch,vi,,
Internal_Rotation_with_Band,en,Internal Rotation with Band,
Internal_Rotation_with_Band,vi,,
Inverted_Row,en,Inverted Row,
Inverted_Row,vi,,
Inverted_Row_with_Straps,en,Inverted Row with Straps,
Inverted_Row_with_Straps,vi,,
Iron_Cross,en,Iron Cross,
Iron_Cross,vi,,
Iron_Crosses_stretch,en,Iron Crosses (stretch),
Iron_Crosses_stretch,vi,,
Isometric_Chest_Squeezes,en,Isometric Chest Squeezes,
Isometric_Chest_Squeezes,vi,,
Isometric_Neck_Exercise_-_Front_And_Back,en,Isometric Neck Exercise - Front And Back,
Isometric_Neck_Exercise_-_Front_And_Back,vi,,
Isometric_Neck_Exercise_-_Sides,en,Isometric Neck Exercise - Sides,
Isometric_Neck_Exercise_-_Sides,vi,,
Isometric_Wipers,en,Isometric Wipers,
Isometric_Wipers,vi,,
JM_Press,en,JM Press,
JM_Press,vi,,
Jackknife_Sit-Up,en,Jackknife Sit-Up,
Jackknife_Sit-Up,vi,,
Janda_Sit-Up,en,Janda Sit-Up,
Janda_Sit-Up,vi,,
Jefferson_Squats,en,Jefferson Squats,
Jefferson_Squats,vi,,
Jerk_Balance,en,Jerk Balance,
Jerk_Balance,vi,,
Jerk_Dip_Squat,en,Jerk Dip Squat,
Jerk_Dip_Squat,vi,,
Jogging_Treadmill,en,"Jogging, Treadmill",
Jogging_Treadmill,vi,,
Keg_Load,en,Keg Load,
Keg_Load,vi,,
Kettlebell_Arnold_Press,en,Kettlebell Arnold Press,
Kettlebell_Arnold_Press,vi,,
Kettlebell_Dead_Clean,en,Kettlebell Dead Clean,
Kettlebell_Dead_Clean,vi,,
Kettlebell_Figure_8,en,Kettlebell Figure 8,
Kettlebell_Figure_8,vi,,
Kettlebell_Hang_Clean,en,Kettlebell Hang Clean,
Kettlebell_Hang_Clean,vi,,
Kettlebell_One-Legged_Deadlift,en,Kettlebell One-Legged Deadlift,
Kettlebell_One-Legged_Deadlift,vi,,
Kettlebell_Pass_Between_The_Legs,en,Kettlebell Pass Between The Legs,
Kettlebell_Pass_Between_The_Legs,vi,,
Kettlebell_Pirate_Ships,en,Kettlebell Pirate Ships,
Kettlebell_Pirate_Ships,vi,,
Kettlebell_Pistol_Squat,en,Kettlebell Pistol Squat,
Kettlebell_Pistol_Squat,vi,,
Kettlebell_Seated_Press,en,Kettlebell Seated Press,
Kettlebell_Seated_Press,vi,,
Kettlebell_Seesaw_Press,en,Kettlebell Seesaw Press,
Kettlebell_Seesaw_Press,vi,,
Kettlebell_Sumo_High_Pull,en,Kettlebell Sumo High Pull,
Kettlebell_Sumo_High_Pull,vi,,
Kettlebell_Thruster,en,Kettlebell Thruster,
Kettlebell_Thruster,vi,,
Kettlebell_Turkish_Get-Up_Lunge_style,en,Kettlebell Turkish Get-Up (Lunge style),
Kettlebell_Turkish_Get-Up_Lunge_style,vi,,
Kettlebell_Turkish_Get-Up_Squat_style,en,Kettlebell Turkish Get-Up (Squat style),
Kettlebell_Turkish_Get-Up_Squat_style,vi,,
Kettlebell_Windmill,en,Kettlebell Windmill,
Kettlebell_Windmill,vi,,
Kipping_Muscle_Up,en,Kipping Muscle Up,
Kipping_Muscle_Up,vi,,
Knee_Across_The_Body,en,Knee Across The Body,
Knee_Across_The_Body,vi,,
Knee_Circles,en,Knee Circles,
Knee_Circles,vi,,
Knee_Hip_Raise_On_Parallel_Bars,en,Knee/Hip Raise On Parallel Bars,
Knee_Hip_Raise_On_Parallel_Bars,vi,,
Knee_Tuck_Jump,en,Knee Tuck Jump,
Knee_Tuck_Jump,vi,,
Kneeling_Arm_Drill,en,Kneeling Arm Drill,
Kneeling_Arm_Drill,vi,,
Kneeling_Cable_Crunch_With_Alternating_Oblique_Twists,en,Kneeling Cable Crunch With Alternating Oblique Twists,
Kneeling_Cable_Crunch_With_Alternating_Oblique_Twists,vi,,
Kneeling_Cable_Triceps_Extension,en,Kneeling Cable Triceps Extension,
Kneeling_Cable_Triceps_Extension,vi,,
Kneeling_Forearm_Stretch,en,Kneeling Forearm Stretch,
Kneeling_Forearm_Stretch,vi,,
Kneeling_High_Pulley_Row,en,Kneeling High Pulley Row,
Kneeling_High_Pulley_Row,vi,,
Kneeling_Hip_Flexor,en,Kneeling Hip Flexor,
Kneeling_Hip_Flexor,vi,,
Kneeling_Jump_Squat,en,Kneeling Jump Squat,
Kneeling_Jump_Squat,vi,,
Kneeling_Single-Arm_High_Pulley_Row,en,Kneeling Single-Arm High Pulley Row,
Kneeling_Single-Arm_High_Pulley_Row,vi,,
Kneeling_Squat,en,Kneeling Squat,
Kneeling_Squat,vi,,
Landmine_180s,en,Landmine 180's,
Landmine_180s,vi,,
Landmine_Linear_Jammer,en,Landmine Linear Jammer,
Landmine_Linear_Jammer,vi,,
Lateral_Bound,en,Lateral Bound,
Lateral_Bound,vi,,
Lateral_Box_Jump,en,Lateral Box Jump,
Lateral_Box_Jump,vi,,
Lateral_Cone_Hops,en,Lateral Cone Hops,
Lateral_Cone_Hops,vi,,
Lateral_Raise_-_With_Bands,en,Lateral Raise - With Bands,
Lateral_Raise_-_With_Bands,vi,,
Latissimus_Dorsi-SMR,en,Latissimus Dorsi-SMR,
Latissimus_Dorsi-SMR,vi,,
Leg-Over_Floor_Press,en,Leg-Over Floor Press,
Leg-Over_Floor_Press,vi,,
Leg-Up_Hamstring_Stretch,en,Leg-Up Hamstring Stretch,
Leg-Up_Hamstring_Stretch,vi,,
Leg_Extensions,en,Leg Extensions,
Leg_Extensions,vi,,
Leg_Lift,en,Leg Lift,
Leg_Lift,vi,,
Leg_Press,en,Leg Press,
Leg_Press,vi,,
Leg_Pull-In,en,Leg Pull-In,
Leg_Pull-In,vi,,
Leverage_Chest_Press,en,Leverage Chest Press,
Leverage_Chest_Press,vi,,
Leverage_Deadlift,en,Leverage Deadlift,
Leverage_Deadlift,vi,,
Leverage_Decline_Chest_Press,en,Leverage Decline Chest Press,
Leverage_Decline_Chest_Press,vi,,
Leverage_High_Row,en,Leverage High Row,
Leverage_High_Row,vi,,
Leverage_Incline_Chest_Press,en,Leverage Incline Chest Press,
Leverage_Incline_Chest_Press,vi,,
Leverage_Iso_Row,en,Leverage Iso Row,
Leverage_Iso_Row,vi,,
Leverage_Shoulder_Press,en,Leverage Shoulder Press,
Leverage_Shoulder_Press,vi,,
Leverage_Shrug,en,Leverage Shrug,
Leverage_Shrug,vi,,
Linear_3-Part_Start_Technique,en,Linear 3-Part Start Technique,
Linear_3-Part_Start_Technique,vi,,
Linear_Acceleration_Wall_Drill,en,Linear Acceleration Wall Drill,
Linear_Acceleration_Wall_Drill,vi,,
Linear_Depth_Jump,en,Linear Depth Jump,
Linear_Depth_Jump,vi,,
Log_Lift,en,Log Lift,
Log_Lift,vi,,
London_Bridges,en,London Bridges,
London_Bridges,vi,,
Looking_At_Ceiling,en,Looking At Ceiling,
Looking_At_Ceiling,vi,,
Low_Cable_Crossover,en,Low Cable Crossover,
Low_Cable_Crossover,vi,,
Low_Cable_Triceps_Extension,en,Low Cable Triceps Extension,
Low_Cable_Triceps_Extension,vi,,
Low_Pulley_Row_To_Neck,en,Low Pulley Row To Neck,
Low_Pulley_Row_To_Neck,vi,,
Lower_Back-SMR,en,Lower Back-SMR,
Lower_Back-SMR,vi,,
Lower_Back_Curl,en,Lower Back Curl,
Lower_Back_Curl,vi,,
Lunge_Pass_Through,en,Lunge Pass Through,
Lunge_Pass_Through,vi,,
Lunge_Sprint,en,Lunge Sprint,
Lunge_Sprint,vi,,
Lying_Bent_Leg_Groin,en,Lying Bent Leg Groin,
Lying_Bent_Leg_Groin,vi,,
Lying_Cable_Curl,en,Lying Cable Curl,
Lying_Cable_Curl,vi,,
Lying_Cambered_Barbell_Row,en,Lying Cambered Barbell Row,
Lying_Cambered_Barbell_Row,vi,,
Lying_Close-Grip_Bar_Curl_On_High_Pulley,en,Lying Close-Grip Bar Curl On High Pulley,
Lying_Close-Grip_Bar_Curl_On_High_Pulley,vi,,
Lying_Close-Grip_Barbell_Triceps_Extension_Behind_The_Head,en,Lying Close-Grip Barbell Triceps Extension Behind The Head,
Lying_Close-Grip_Barbell_Triceps_Extension_Behind_The_Head,vi,,
Lying_Close-Grip_Barbell_Triceps_Press_To_Chin,en,Lying Close-Grip Barbell Triceps Press To Chin,
Lying_Close-Grip_Barbell_Triceps_Press_To_Chin,vi,,
Lying_Crossover,en,Lying Crossover,
Lying_Crossover,vi,,
Lying_Dumbbell_Tricep_Extension,en,Lying Dumbbell Tricep Extension,
Lying_Dumbbell_Tricep_Extension,vi,,
Lying_Face_Down_Plate_Neck_Resistance,en,Lying Face Down Plate Neck Resistance,
Lying_Face_Down_Plate_Neck_Resistance,vi,,
Lying_Face_Up_Plate_Neck_Resistance,en,Lying Face Up Plate Neck Resistance,
Lying_Face_Up_Plate_Neck_Resistance,vi,,
Lying_Glute,en,Lying Glute,
Lying_Glute,vi,,
Lying_Hamstring,en,Lying Hamstring,
Lying_Hamstring,vi,,
Lying_High_Bench_Barbell_Curl,en,Lying High Bench Barbell Curl,
Lying_High_Bench_Barbell_Curl,vi,,
Lying_Leg_Curls,en,Lying Leg Curls,
Lying_Leg_Curls,vi,,
Lying_Machine_Squat,en,Lying Machine Squat,
Lying_Machine_Squat,vi,,
Lying_One-Arm_Lateral_Raise,en,Lying One-Arm Lateral Raise,
Lying_One-Arm_Lateral_Raise,vi,,
Lying_Prone_Quadriceps,en,Lying Prone Quadriceps,
Lying_Prone_Quadriceps,vi,,
Lying_Rear_Delt_Raise,en,Lying Rear Delt Raise,
Lying_Rear_Delt_Raise,vi,,
Lying_Supine_Dumbbell_Curl,en,Lying Supine Dumbbell Curl,
Lying_Supine_Dumbbell_Curl,vi,,
Lying_T-Bar_Row,en,Lying T-Bar Row,
Lying_T-Bar_Row,vi,,
Lying_Triceps_Press,en,Lying Triceps Press,
Lying_Triceps_Press,vi,,
Machine_Bench_Press,en,Machine Bench Press,
Machine_Bench_Press,vi,,
Machine_Bicep_Curl,en,Machine Bicep Curl,
Machine_Bicep_Curl,vi,,
Machine_Preacher_Curls,en,Machine Preacher Curls,
Machine_Preacher_Curls,vi,,
Machine_Shoulder_Military_Press,en,Machine Shoulder (Military) Press,
Machine_Shoulder_Military_Press,vi,,
Machine_Triceps_Extension,en,Machine Triceps Extension,
Machine_Triceps_Extension,vi,,
Medicine_Ball_Chest_Pass,en,Medicine Ball Chest Pass,
Medicine_Ball_Chest_Pass,vi,,
Medicine_Ball_Full_Twist,en,Medicine Ball Full Twist,
Medicine_Ball_Full_Twist,vi,,
Medicine_Ball_Scoop_Throw,en,Medicine Ball Scoop Throw,
Medicine_Ball_Scoop_Throw,vi,,
Middle_Back_Shrug,en,Middle Back Shrug,
Middle_Back_Shrug,vi,,
Middle_Back_Stretch,en,Middle Back Stretch,
Middle_Back_Stretch,vi,,
Mixed_Grip_Chin,en,Mixed Grip Chin,
Mixed_Grip_Chin,vi,,
Monster_Walk,en,Monster Walk,
Monster_Walk,vi,,
Mountain_Climbers,en,Mountain Climbers,
Mountain_Climbers,vi,,
Moving_Claw_Series,en,Moving Claw Series,
Moving_Claw_Series,vi,,
Muscle_Snatch,en,Muscle Snatch,
Muscle_Snatch,vi,,
Muscle_Up,en,Muscle Up,
Muscle_Up,vi,,
Narrow_Stance_Hack_Squats,en,Narrow Stance Hack Squats,
Narrow_Stance_Hack_Squats,vi,,
Narrow_Stance_Leg_Press,en,Narrow Stance Leg Press,
Narrow_Stance_Leg_Press,vi,,
Narrow_Stance_Squats,en,Narrow Stance Squats,
Narrow_Stance_Squats,vi,,
Natural_Glute_Ham_Raise,en,Natural Glute Ham Raise,
Natural_Glute_Ham_Raise,vi,,
Neck-SMR,en,Neck-SMR,
Neck-SMR,vi,,
Neck_Press,en,Neck Press,
Neck_Press,vi,,
Oblique_Crunches,en,Oblique Crunches,
Oblique_Crunches,vi,,
Oblique_Crunches_-_On_The_Floor,en,Oblique Crunches - On The Floor,
Oblique_Crunches_-_On_The_Floor,vi,,
Olympic_Squat,en,Olympic Squat,
Olympic_Squat,vi,,
On-Your-Back_Quad_Stretch,en,On-Your-Back Quad Stretch,
On-Your-Back_Quad_Stretch,vi,,
On_Your_Side_Quad_Stretch,en,On Your Side Quad Stretch,
On_Your_Side_Quad_Stretch,vi,,
One-Arm_Dumbbell_Row,en,One-Arm Dumbbell Row,
One-Arm_Dumbbell_Row,vi,,
One-Arm_Flat_Bench_Dumbbell_Flye,en,One-Arm Flat Bench Dumbbell Flye,
One-Arm_Flat_Bench_Dumbbell_Flye,vi,,
One-Arm_High-Pulley_Cable_Side_Bends,en,One-Arm High-Pulley Cable Side Bends,
One-Arm_High-Pulley_Cable_Side_Bends,vi,,
One-Arm_Incline_Lateral_Raise,en,One-Arm Incline Lateral Raise,
One-Arm_Incline_Lateral_Raise,vi,,
One-Arm_Kettlebell_Clean,en,One-Arm Kettlebell Clean,
One-Arm_Kettlebell_Clean,vi,,
One-Arm_Kettlebell_Clean_and_Jerk,en,One-Arm Kettlebell Clean and Jerk,
One-Arm_Kettlebell_Clean_and_Jerk,vi,,
One-Arm_Kettlebell_Floor_Press,en,One-Arm Kettlebell Floor Press,
One-Arm_Kettlebell_Floor_Press,vi,,
One-Arm_Kettlebell_Jerk,en,One-Arm Kettlebell Jerk,
One-Arm_Kettlebell_Jerk,vi,,
One-Arm_Kettlebell_Military_Press_To_The_Side,en,One-Arm Kettlebell Military Press To The Side,
One-Arm_Kettlebell_Military_Press_To_The_Side,vi,,
One-Arm_Kettlebell_Para_Press,en,One-Arm Kettlebell Para Press,
One-Arm_Kettlebell_Para_Press,vi,,
One-Arm_Kettlebell_Push_Press,en,One-Arm Kettlebell Push Press,
One-Arm_Kettlebell_Push_Press,vi,,
One-Arm_Kettlebell_Row,en,One-Arm Kettlebell Row,
One-Arm_Kettlebell_Row,vi,,
One-Arm_Kettlebell_Snatch,en,One-Arm Kettlebell Snatch,
One-Arm_Kettlebell_Snatch,vi,,
One-Arm_Kettlebell_Split_Jerk,en,One-Arm Kettlebell Split Jerk,
One-Arm_Kettlebell_Split_Jerk,vi,,
One-Arm_Kettlebell_Split_Snatch,en,One-Arm Kettlebell Split Snatch,
One-Arm_Kettlebell_Split_Snatch,vi,,
One-Arm_Kettlebell_Swings,en,One-Arm Kettlebell Swings,
One-Arm_Kettlebell_Swings,vi,,
One-Arm_Long_Bar_Row,en,One-Arm Long Bar Row,
One-Arm_Long_Bar_Row,vi,,
One-Arm_Medicine_Ball_Slam,en,One-Arm Medicine Ball Slam,
One-Arm_Medicine_Ball_Slam,vi,,
One-Arm_Open_Palm_Kettlebell_Clean,en,One-Arm Open Palm Kettlebell Clean,
One-Arm_Open_Palm_Kettlebell_Clean,vi,,
One-Arm_Overhead_Kettlebell_Squats,en,One-Arm Overhead Kettlebell Squats,
One-Arm_Overhead_Kettlebell_Squats,vi,,
One-Arm_Side_Deadlift,en,One-Arm Side Deadlift,
One-Arm_Side_Deadlift,vi,,
One-Arm_Side_Laterals,en,One-Arm Side Laterals,
One-Arm_Side_Laterals,vi,,
One-Legged_Cable_Kickback,en,One-Legged Cable Kickback,
One-Legged_Cable_Kickback,vi,,
One_Arm_Against_Wall,en,One Arm Against Wall,
One_Arm_Against_Wall,vi,,
One_Arm_Chin-Up,en,One Arm Chin-Up,
One_Arm_Chin-Up,vi,,
One_Arm_Dumbbell_Bench_Press,en,One Arm Dumbbell Bench Press,
One_Arm_Dumbbell_Bench_Press,vi,,
One_Arm_Dumbbell_Preacher_Curl,en,One Arm Dumbbell Preacher Curl,
One_Arm_Dumbbell_Preacher_Curl,vi,,
One_Arm_Floor_Press,en,One Arm Floor Press,
One_Arm_Floor_Press,vi,,
One_Arm_Lat_Pulldown,en,One Arm Lat Pulldown,
One_Arm_Lat_Pulldown,vi,,
One_Arm_Pronated_Dumbbell_Triceps_Extension,en,One Arm Pronated Dumbbell Triceps Extension,
One_Arm_Pronated_Dumbbell_Triceps_Extension,vi,,
One_Arm_Supinated_Dumbbell_Triceps_Extension,en,One Arm Supinated Dumbbell Triceps Extension,
One_Arm_Supinated_Dumbbell_Triceps_Extension,vi,,
One_Half_Locust,en,One Half Locust,
One_Half_Locust,vi,,
One_Handed_Hang,en,One Handed Hang,
One_Handed_Hang,vi,,
One_Knee_To_Chest,en,One Knee To Chest,
One_Knee_To_Chest,vi,,
One_Leg_Barbell_Squat,en,One Leg Barbell Squat,
One_Leg_Barbell_Squat,vi,,
Open_Palm_Kettlebell_Clean,en,Open Palm Kettlebell Clean,
Open_Palm_Kettlebell_Clean,vi,,
Otis-Up,en,Otis-Up,
Otis-Up,vi,,
Overhead_Cable_Curl,en,Overhead Cable Curl,
Overhead_Cable_Curl,vi,,
Overhead_Lat,en,Overhead Lat,
Overhead_Lat,vi,,
Overhead_Slam,en,Overhead Slam,
Overhead_Slam,vi,,
Overhead_Squat,en,Overhead Squat,
Overhead_Squat,vi,,
Overhead_Stretch,en,Overhead Stretch,
Overhead_Stretch,vi,,
Overhead_Triceps,en,Overhead Triceps,
Overhead_Triceps,vi,,
Pallof_Press,en,Pallof Press,
Pallof_Press,vi,,
Pallof_Press_With_Rotation,en,Pallof Press With Rotation,
Pallof_Press_With_Rotation,vi,,
Palms-Down_Dumbbell_Wrist_Curl_Over_A_Bench,en,Palms-Down Dumbbell Wrist Curl Over A Bench,
Palms-Down_Dumbbell_Wrist_Curl_Over_A_Bench,vi,,
Palms-Down_Wrist_Curl_Over_A_Bench,en,Palms-Down Wrist Curl Over A Bench,
Palms-Down_Wrist_Curl_Over_A_Bench,vi,,
Palms-Up_Barbell_Wrist_Curl_Over_A_Bench,en,Palms-Up Barbell Wrist Curl Over A Bench,
Palms-Up_Barbell_Wrist_Curl_Over_A_Bench,vi,,
Palms-Up_Dumbbell_Wrist_Curl_Over_A_Bench,en,Palms-Up Dumbbell Wrist Curl Over A Bench,
Palms-Up_Dumbbell_Wrist_Curl_Over_A_Bench,vi,,
Parallel_Bar_Dip,en,Parallel Bar Dip,
Parallel_Bar_Dip,vi,,
Pelvic_Tilt_Into_Bridge,en,Pelvic Tilt Into Bridge,
Pelvic_Tilt_Into_Bridge,vi,,
Peroneals-SMR,en,Peroneals-SMR,
Peroneals-SMR,vi,,
Peroneals_Stretch,en,Peroneals Stretch,
Peroneals_Stretch,vi,,
Physioball_Hip_Bridge,en,Physioball Hip Bridge,
Physioball_Hip_Bridge,vi,,
Pin_Presses,en,Pin Presses,
Pin_Presses,vi,,
Piriformis-SMR,en,Piriformis-SMR,
Piriformis-SMR,vi,,
Plank,en,Plank,
Plank,vi,,
Plate_Pinch,en,Plate Pinch,
Plate_Pinch,vi,,
Plate_Twist,en,Plate Twist,
Plate_Twist,vi,,
Platform_Hamstring_Slides,en,Platform Hamstring Slides,
Platform_Hamstring_Slides,vi,,
Plie_Dumbbell_Squat,en,Plie Dumbbell Squat,
Plie_Dumbbell_Squat,vi,,
Plyo_Kettlebell_Pushups,en,Plyo Kettlebell Pushups,
Plyo_Kettlebell_Pushups,vi,,
Plyo_Push-up,en,Plyo Push-up,
Plyo_Push-up,vi,,
Posterior_Tibialis_Stretch,en,Posterior Tibialis Stretch,
Posterior_Tibialis_Stretch,vi,,
Power_Clean,en,Power Clean,
Power_Clean,vi,,
Power_Clean_from_Blocks,en,Power Clean from Blocks,
Power_Clean_from_Blocks,vi,,
Power_Jerk,en,Power Jerk,
Power_Jerk,vi,,
Power_Partials,en,Power Partials,
Power_Partials,vi,,
Power_Snatch,en,Power Snatch,
Power_Snatch,vi,,
Power_Snatch_from_Blocks,en,Power Snatch from Blocks,
Power_Snatch_from_Blocks,vi,,
Power_Stairs,en,Power Stairs,
Power_Stairs,vi,,
Preacher_Curl,en,Preacher Curl,
Preacher_Curl,vi,,
Preacher_Hammer_Dumbbell_Curl,en,Preacher Hammer Dumbbell Curl,
Preacher_Hammer_Dumbbell_Curl,vi,,
Press_Sit-Up,en,Press Sit-Up,
Press_Sit-Up,vi,,
Prone_Manual_Hamstring,en,Prone Manual Hamstring,
Prone_Manual_Hamstring,vi,,
Prowler_Sprint,en,Prowler Sprint,
Prowler_Sprint,vi,,
Pull_Through,en,Pull Through,
Pull_Through,vi,,
Pullups,en,Pullups,
Pullups,vi,,
Push-Up_Wide,en,Push-Up Wide,
Push-Up_Wide,vi,,
Push-Ups_-_Close_Triceps_Position,en,Push-Ups - Close Triceps Position,
Push-Ups_-_Close_Triceps_Position,vi,,
Push-Ups_With_Feet_Elevated,en,Push-Ups With Feet Elevated,
Push-Ups_With_Feet_Elevated,vi,,
Push-Ups_With_Feet_On_An_Exercise_Ball,en,Push-Ups With Feet On An Exercise Ball,
Push-Ups_With_Feet_On_An_Exercise_Ball,vi,,
Push_Press,en,Push Press,
Push_Press,vi,,
Push_Press_-_Behind_the_Neck,en,Push Press - Behind the Neck,
Push_Press_-_Behind_the_Neck,vi,,
Push_Up_to_Side_Plank,en,Push Up to Side Plank,
Push_Up_to_Side_Plank,vi,,
Pushups,en,Pushups,
Pushups,vi,,
Pushups_Close_and_Wide_Hand_Positions,en,Pushups (Close and Wide Hand Positions),
Pushups_Close_and_Wide_Hand_Positions,vi,,
Pyramid,en,Pyramid,
Pyramid,vi,,
Quad_Stretch,en,Quad Stretch,
Quad_Stretch,vi,,
Quadriceps-SMR,en,Quadriceps-SMR,
Quadriceps-SMR,vi,,
Quick_Leap,en,Quick Leap,
Quick_Leap,vi,,
Rack_Delivery,en,Rack Delivery,
Rack_Delivery,vi,,
Rack_Pull_with_Bands,en,Rack Pull with Bands,
Rack_Pull_with_Bands,vi,,
Rack_Pulls,en,Rack Pulls,
Rack_Pulls,vi,,
Rear_Leg_Raises,en,Rear Leg Raises,
Rear_Leg_Raises,vi,,
Recumbent_Bike,en,Recumbent Bike,
Recumbent_Bike,vi,,
Return_Push_from_Stance,en,Return Push from Stance,
Return_Push_from_Stance,vi,,
Reverse_Band_Bench_Press,en,Reverse Band Bench Press,
Reverse_Band_Bench_Press,vi,,
Reverse_Band_Box_Squat,en,Reverse Band Box Squat,
Reverse_Band_Box_Squat,vi,,
Reverse_Band_Deadlift,en,Reverse Band Deadlift,
Reverse_Band_Deadlift,vi,,
Reverse_Band_Power_Squat,en,Reverse Band Power Squat,
Reverse_Band_Power_Squat,vi,,
Reverse_Band_Sumo_Deadlift,en,Reverse Band Sumo Deadlift,
Reverse_Band_Sumo_Deadlift,vi,,
Reverse_Barbell_Curl,en,Reverse Barbell Curl,
Reverse_Barbell_Curl,vi,,
Reverse_Barbell_Preacher_Curls,en,Reverse Barbell Preacher Curls,
Reverse_Barbell_Preacher_Curls,vi,,
Reverse_Cable_Curl,en,Reverse Cable Curl,
Reverse_Cable_Curl,vi,,
Reverse_Crunch,en,Reverse Crunch,
Reverse_Crunch,vi,,
Reverse_Flyes,en,Reverse Flyes,
Reverse_Flyes,vi,,
Reverse_Flyes_With_External_Rotation,en,Reverse Flyes With External Rotation,
Reverse_Flyes_With_External_Rotation,vi,,
Reverse_Grip_Bent-Over_Rows,en,Reverse Grip Bent-Over Rows,
Reverse_Grip_Bent-Over_Rows,vi,,
Reverse_Grip_Triceps_Pushdown,en,Reverse Grip Triceps Pushdown,
Reverse_Grip_Triceps_Pushdown,vi,,
Reverse_Hyperextension,en,Reverse Hyperextension,
Reverse_Hyperextension,vi,,
Reverse_Machine_Flyes,en,Reverse Machine Flyes,
Reverse_Machine_Flyes,vi,,
Reverse_Plate_Curls,en,Reverse Plate Curls,
Reverse_Plate_Curls,vi,,
Reverse_Triceps_Bench_Press,en,Reverse Triceps Bench Press,
Reverse_Triceps_Bench_Press,vi,,
Rhomboids-SMR,en,Rhomboids-SMR,
Rhomboids-SMR,vi,,
Rickshaw_Carry,en,Rickshaw Carry,
Rickshaw_Carry,vi,,
Rickshaw_Deadlift,en,Rickshaw Deadlift,
Rickshaw_Deadlift,vi,,
Ring_Dips,en,Ring Dips,
Ring_Dips,vi,,
Rocket_Jump,en,Rocket Jump,
Rocket_Jump,vi,,
Rocking_Standing_Calf_Raise,en,Rocking Standing Calf Raise,
Rocking_Standing_Calf_Raise,vi,,
Rocky_Pull-Ups_Pulldowns,en,Rocky Pull-Ups/Pulldowns,
Rocky_Pull-Ups_Pulldowns,vi,,
Romanian_Deadlift,en,Romanian Deadlift,
Romanian_Deadlift,vi,,
Romanian_Deadlift_from_Deficit,en,Romanian Deadlift from Deficit,
Romanian_Deadlift_from_Deficit,vi,,
Rope_Climb,en,Rope Climb,
Rope_Climb,vi,,
Rope_Crunch,en,Rope Crunch,
Rope_Crunch,vi,,
Rope_Jumping,en,Rope Jumping,
Rope_Jumping,vi,,
Rope_Straight-Arm_Pulldown,en,Rope Straight-Arm Pulldown,
Rope_Straight-Arm_Pulldown,vi,,
Round_The_World_Shoulder_Stretch,en,Round The World Shoulder Stretch,
Round_The_World_Shoulder_Stretch,vi,,
Rowing_Stationary,en,"Rowing, Stationary",
Rowing_Stationary,vi,,
Runners_Stretch,en,Runner's Stretch,
Runners_Stretch,vi,,
Running_Treadmill,en,"Running, Treadmill",
Running_Treadmill,vi,,
Russian_Twist,en,Russian Twist,
Russian_Twist,vi,,
Sandbag_Load,en,Sandbag Load,
Sandbag_Load,vi,,
Scapular_Pull-Up,en,Scapular Pull-Up,
Scapular_Pull-Up,vi,,
Scissor_Kick,en,Scissor Kick,
Scissor_Kick,vi,,
Scissors_Jump,en,Scissors Jump,
Scissors_Jump,vi,,
Seated_Band_Hamstring_Curl,en,Seated Band Hamstring Curl,
Seated_Band_Hamstring_Curl,vi,,
Seated_Barbell_Military_Press,en,Seated Barbell Military Press,
Seated_Barbell_Military_Press,vi,,
Seated_Barbell_Twist,en,Seated Barbell Twist,
Seated_Barbell_Twist,vi,,
Seated_Bent-Over_One-Arm_Dumbbell_Triceps_Extension,en,Seated Bent-Over One-Arm Dumbbell Triceps Extension,
Seated_Bent-Over_One-Arm_Dumbbell_Triceps_Extension,vi,,
Seated_Bent-Over_Rear_Delt_Raise,en,Seated Bent-Over Rear Delt Raise,
Seated_Bent-Over_Rear_Delt_Raise,vi,,
Seated_Bent-Over_Two-Arm_Dumbbell_Triceps_Extension,en,Seated Bent-Over Two-Arm Dumbbell Triceps Extension,
Seated_Bent-Over_Two-Arm_Dumbbell_Triceps_Extension,vi,,
Seated_Biceps,en,Seated Biceps,
Seated_Biceps,vi,,
Seated_Cable_Rows,en,Seated Cable Rows,
Seated_Cable_Rows,vi,,
Seated_Cable_Shoulder_Press,en,Seated Cable Shoulder Press,
Seated_Cable_Shoulder_Press,vi,,
Seated_Calf_Raise,en,Seated Calf Raise,
Seated_Calf_Raise,vi,,
Seated_Calf_Stretch,en,Seated Calf Stretch,
Seated_Calf_Stretch,vi,,
Seated_Close-Grip_Concentration_Barbell_Curl,en,Seated Close-Grip Concentration Barbell Curl,
Seated_Close-Grip_Concentration_Barbell_Curl,vi,,
Seated_Dumbbell_Curl,en,Seated Dumbbell Curl,
Seated_Dumbbell_Curl,vi,,
Seated_Dumbbell_Inner_Biceps_Curl,en,Seated Dumbbell Inner Biceps Curl,
Seated_Dumbbell_Inner_Biceps_Curl,vi,,
Seated_Dumbbell_Palms-Down_Wrist_Curl,en,Seated Dumbbell Palms-Down Wrist Curl,
Seated_Dumbbell_Palms-Down_Wrist_Curl,vi,,
Seated_Dumbbell_Palms-Up_Wrist_Curl,en,Seated Dumbbell Palms-Up Wrist Curl,
Seated_Dumbbell_Palms-Up_Wrist_Curl,vi,,
Seated_Dumbbell_Press,en,Seated Dumbbell Press,
Seated_Dumbbell_Press,vi,,
Seated_Flat_Bench_Leg_Pull-In,en,Seated Flat Bench Leg Pull-In,
Seated_Flat_Bench_Leg_Pull-In,vi,,
Seated_Floor_Hamstring_Stretch,en,Seated Floor Hamstring Stretch,
Seated_Floor_Hamstring_Stretch,vi,,
Seated_Front_Deltoid,en,Seated Front Deltoid,
Seated_Front_Deltoid,vi,,
Seated_Glute,en,Seated Glute,
Seated_Glute,vi,,
Seated_Good_Mornings,en,Seated Good Mornings,
Seated_Good_Mornings,vi,,
Seated_Hamstring,en,Seated Hamstring,
Seated_Hamstring,vi,,
Seated_Hamstring_and_Calf_Stretch,en,Seated Hamstring and Calf Stretch,
Seated_Hamstring_and_Calf_Stretch,vi,,
Seated_Head_Harness_Neck_Resistance,en,Seated Head Harness Neck Resistance,
Seated_Head_Harness_Neck_Resistance,vi,,
Seated_Leg_Curl,en,Seated Leg Curl,
Seated_Leg_Curl,vi,,
Seated_Leg_Tucks,en,Seated Leg Tucks,
Seated_Leg_Tucks,vi,,
Seated_One-Arm_Dumbbell_Palms-Down_Wrist_Curl,en,Seated One-Arm Dumbbell Palms-Down Wrist Curl,
Seated_One-Arm_Dumbbell_Palms-Down_Wrist_Curl,vi,,
Seated_One-Arm_Dumbbell_Palms-Up_Wrist_Curl,en,Seated One-Arm Dumbbell Palms-Up Wrist Curl,
Seated_One-Arm_Dumbbell_Palms-Up_Wrist_Curl,vi,,
Seated_One-arm_Cable_Pulley_Rows,en,Seated One-arm Cable Pulley Rows,
Seated_One-arm_Cable_Pulley_Rows,vi,,
Seated_Overhead_Stretch,en,Seated Overhead Stretch,
Seated_Overhead_Stretch,vi,,
Seated_Palm-Up_Barbell_Wrist_Curl,en,Seated Palm-Up Barbell Wrist Curl,
Seated_Palm-Up_Barbell_Wrist_Curl,vi,,
Seated_Palms-Down_Barbell_Wrist_Curl,en,Seated Palms-Down Barbell Wrist Curl,
Seated_Palms-Down_Barbell_Wrist_Curl,vi,,
Seated_Side_Lateral_Raise,en,Seated Side Lateral Raise,
Seated_Side_Lateral_Raise,vi,,
Seated_Triceps_Press,en,Seated Triceps Press,
Seated_Triceps_Press,vi,,
Seated_Two-Arm_Palms-Up_Low-Pulley_Wrist_Curl,en,Seated Two-Arm Palms-Up Low-Pulley Wrist Curl,
Seated_Two-Arm_Palms-Up_Low-Pulley_Wrist_Curl,vi,,
See-Saw_Press_Alternating_Side_Press,en,See-Saw Press (Alternating Side Press),
See-Saw_Press_Alternating_Side_Press,vi,,
Shotgun_Row,en,Shotgun Row,
Shotgun_Row,vi,,
Shoulder_Circles,en,Shoulder Circles,
Shoulder_Circles,vi,,
Shoulder_Press_-_With_Bands,en,Shoulder Press - With Bands,
Shoulder_Press_-_With_Bands,vi,,
Shoulder_Raise,en,Shoulder Raise,
Shoulder_Raise,vi,,
Shoulder_Stretch,en,Shoulder Stretch,
Shoulder_Stretch,vi,,
Side-Lying_Floor_Stretch,en,Side-Lying Floor Stretch,
Side-Lying_Floor_Stretch,vi,,
Side_Bridge,en,Side Bridge,
Side_Bridge,vi,,
Side_Hop-Sprint,en,Side Hop-Sprint,
Side_Hop-Sprint,vi,,
Side_Jackknife,en,Side Jackknife,
Side_Jackknife,vi,,
Side_Lateral_Raise,en,Side Lateral Raise,
Side_Lateral_Raise,vi,,
Side_Laterals_to_Front_Raise,en,Side Laterals to Front Raise,
Side_Laterals_to_Front_Raise,vi,,
Side_Leg_Raises,en,Side Leg Raises,
Side_Leg_Raises,vi,,
Side_Lying_Groin_Stretch,en,Side Lying Groin Stretch,
Side_Lying_Groin_Stretch,vi,,
Side_Neck_Stretch,en,Side Neck Stretch,
Side_Neck_Stretch,vi,,
Side_Standing_Long_Jump,en,Side Standing Long Jump,
Side_Standing_Long_Jump,vi,,
Side_To_Side_Chins,en,Side To Side Chins,
Side_To_Side_Chins,vi,,
Side_Wrist_Pull,en,Side Wrist Pull,
Side_Wrist_Pull,vi,,
Side_to_Side_Box_Shuffle,en,Side to Side Box Shuffle,
Side_to_Side_Box_Shuffle,vi,,
Single-Arm_Cable_Crossover,en,Single-Arm Cable Crossover,
Single-Arm_Cable_Crossover,vi,,
Single-Arm_Linear_Jammer,en,Single-Arm Linear Jammer,
Single-Arm_Linear_Jammer,vi,,
Single-Arm_Push-Up,en,Single-Arm Push-Up,
Single-Arm_Push-Up,vi,,
Single-Cone_Sprint_Drill,en,Single-Cone Sprint Drill,
Single-Cone_Sprint_Drill,vi,,
Single-Leg_High_Box_Squat,en,Single-Leg High Box Squat,
Single-Leg_High_Box_Squat,vi,,
Single-Leg_Hop_Progression,en,Single-Leg Hop Progression,
Single-Leg_Hop_Progression,vi,,
Single-Leg_Lateral_Hop,en,Single-Leg Lateral Hop,
Single-Leg_Lateral_Hop,vi,,
Single-Leg_Leg_Extension,en,Single-Leg Leg Extension,
Single-Leg_Leg_Extension,vi,,
Single-Leg_Stride_Jump,en,Single-Leg Stride Jump,
Single-Leg_Stride_Jump,vi,,
Single_Dumbbell_Raise,en,Single Dumbbell Raise,
Single_Dumbbell_Raise,vi,,
Single_Leg_Butt_Kick,en,Single Leg Butt Kick,
Single_Leg_Butt_Kick,vi,,
Single_Leg_Glute_Bridge,en,Single Leg Glute Bridge,
Single_Leg_Glute_Bridge,vi,,
Single_Leg_Push-off,en,Single Leg Push-off,
Single_Leg_Push-off,vi,,
Sit-Up,en,Sit-Up,
Sit-Up,vi,,
Sit_Squats,en,Sit Squats,
Sit_Squats,vi,,
Skating,en,Skating,
Skating,vi,,
Sled_Drag_-_Harness,en,Sled Drag - Harness,
Sled_Drag_-_Harness,vi,,
Sled_Overhead_Backward_Walk,en,Sled Overhead Backward Walk,
Sled_Overhead_Backward_Walk,vi,,
Sled_Overhead_Triceps_Extension,en,Sled Overhead Triceps Extension,
Sled_Overhead_Triceps_Extension,vi,,
Sled_Push,en,Sled Push,
Sled_Push,vi,,
Sled_Reverse_Flye,en,Sled Reverse Flye,
Sled_Reverse_Flye,vi,,
Sled_Row,en,Sled Row,
Sled_Row,vi,,
Sledgehammer_Swings,en,Sledgehammer Swings,
Sledgehammer_Swings,vi,,
Smith_Incline_Shoulder_Raise,en,Smith Incline Shoulder Raise,
Smith_Incline_Shoulder_Raise,vi,,
Smith_Machine_Behind_the_Back_Shrug,en,Smith Machine Behind the Back Shrug,
Smith_Machine_Behind_the_Back_Shrug,vi,,
Smith_Machine_Bench_Press,en,Smith Machine Bench Press,
Smith_Machine_Bench_Press,vi,,
Smith_Machine_Bent_Over_Row,en,Smith Machine Bent Over Row,
Smith_Machine_Bent_Over_Row,vi,,
Smith_Machine_Calf_Raise,en,Smith Machine Calf Raise,
Smith_Machine_Calf_Raise,vi,,
Smith_Machine_Close-Grip_Bench_Press,en,Smith Machine Close-Grip Bench Press,
Smith_Machine_Close-Grip_Bench_Press,vi,,
Smith_Machine_Decline_Press,en,Smith Machine Decline Press,
Smith_Machine_Decline_Press,vi,,
Smith_Machine_Hang_Power_Clean,en,Smith Machine Hang Power Clean,
Smith_Machine_Hang_Power_Clean,vi,,
Smith_Machine_Hip_Raise,en,Smith Machine Hip Raise,
Smith_Machine_Hip_Raise,vi,,
Smith_Machine_Incline_Bench_Press,en,Smith Machine Incline Bench Press,
Smith_Machine_Incline_Bench_Press,vi,,
Smith_Machine_Leg_Press,en,Smith Machine Leg Press,
Smith_Machine_Leg_Press,vi,,
Smith_Machine_One-Arm_Upright_Row,en,Smith Machine One-Arm Upright Row,
Smith_Machine_One-Arm_Upright_Row,vi,,
Smith_Machine_Overhead_Shoulder_Press,en,Smith Machine Overhead Shoulder Press,
Smith_Machine_Overhead_Shoulder_Press,vi,,
Smith_Machine_Pistol_Squat,en,Smith Machine Pistol Squat,
Smith_Machine_Pistol_Squat,vi,,
Smith_Machine_Reverse_Calf_Raises,en,Smith Machine Reverse Calf Raises,
Smith_Machine_Reverse_Calf_Raises,vi,,
Smith_Machine_Squat,en,Smith Machine Squat,
Smith_Machine_Squat,vi,,
Smith_Machine_Stiff-Legged_Deadlift,en,Smith Machine Stiff-Legged Deadlift,
Smith_Machine_Stiff-Legged_Deadlift,vi,,
Smith_Machine_Upright_Row,en,Smith Machine Upright Row,
Smith_Machine_Upright_Row,vi,,
Smith_Single-Leg_Split_Squat,en,Smith Single-Leg Split Squat,
Smith_Single-Leg_Split_Squat,vi,,
Snatch,en,Snatch,
Snatch,vi,,
Snatch_Balance,en,Snatch Balance,
Snatch_Balance,vi,,
Snatch_Deadlift,en,Snatch Deadlift,
Snatch_Deadlift,vi,,
Snatch_Pull,en,Snatch Pull,
Snatch_Pull,vi,,
Snatch_Shrug,en,Snatch Shrug,
Snatch_Shrug,vi,,
Snatch_from_Blocks,en,Snatch from Blocks,
Snatch_from_Blocks,vi,,
Speed_Band_Overhead_Triceps,en,Speed Band Overhead Triceps,
Speed_Band_Overhead_Triceps,vi,,
Speed_Box_Squat,en,Speed Box Squat,
Speed_Box_Squat,vi,,
Speed_Squats,en,Speed Squats,
Speed_Squats,vi,,
Spell_Caster,en,Spell Caster,
Spell_Caster,vi,,
Spider_Crawl,en,Spider Crawl,
Spider_Crawl,vi,,
Spider_Curl,en,Spider Curl,
Spider_Curl,vi,,
Spinal_Stretch,en,Spinal Stretch,
Spinal_Stretch,vi,,
Split_Clean,en,Split Clean,
Split_Clean,vi,,
Split_Jerk,en,Split Jerk,
Split_Jerk,vi,,
Split_Jump,en,Split Jump,
Split_Jump,vi,,
Split_Snatch,en,Split Snatch,
Split_Snatch,vi,,
Split_Squat_with_Dumbbells,en,Split Squat with Dumbbells,
Split_Squat_with_Dumbbells,vi,,
Split_Squats,en,Split Squats,
Split_Squats,vi,,
Squat_Jerk,en,Squat Jerk,
Squat_Jerk,vi,,
Squat_with_Bands,en,Squat with Bands,
Squat_with_Bands,vi,,
Squat_with_Chains,en,Squat with Chains,
Squat_with_Chains,vi,,
Squat_with_Plate_Movers,en,Squat with Plate Movers,
Squat_with_Plate_Movers,vi,,
Squats_-_With_Bands,en,Squats - With Bands,
Squats_-_With_Bands,vi,,
Stairmaster,en,Stairmaster,
Stairmaster,vi,,
Standing_Alternating_Dumbbell_Press,en,Standing Alternating Dumbbell Press,
Standing_Alternating_Dumbbell_Press,vi,,
Standing_Barbell_Calf_Raise,en,Standing Barbell Calf Raise,
Standing_Barbell_Calf_Raise,vi,,
Standing_Barbell_Press_Behind_Neck,en,Standing Barbell Press Behind Neck,
Standing_Barbell_Press_Behind_Neck,vi,,
Standing_Bent-Over_One-Arm_Dumbbell_Triceps_Extension,en,Standing Bent-Over One-Arm Dumbbell Triceps Extension,
Standing_Bent-Over_One-Arm_Dumbbell_Triceps_Extension,vi,,
Standing_Bent-Over_Two-Arm_Dumbbell_Triceps_Extension,en,Standing Bent-Over Two-Arm Dumbbell Triceps Extension,
Standing_Bent-Over_Two-Arm_Dumbbell_Triceps_Extension,vi,,
Standing_Biceps_Cable_Curl,en,Standing Biceps Cable Curl,
Standing_Biceps_Cable_Curl,vi,,
Standing_Biceps_Stretch,en,Standing Biceps Stretch,
Standing_Biceps_Stretch,vi,,
Standing_Bradford_Press,en,Standing Bradford Press,
Standing_Bradford_Press,vi,,
Standing_Cable_Chest_Press,en,Standing Cable Chest Press,
Standing_Cable_Chest_Press,vi,,
Standing_Cable_Lift,en,Standing Cable Lift,
Standing_Cable_Lift,vi,,
Standing_Cable_Wood_Chop,en,Standing Cable Wood Chop,
Standing_Cable_Wood_Chop,vi,,
Standing_Calf_Raises,en,Standing Calf Raises,
Standing_Calf_Raises,vi,,
Standing_Concentration_Curl,en,Standing Concentration Curl,
Standing_Concentration_Curl,vi,,
Standing_Dumbbell_Calf_Raise,en,Standing Dumbbell Calf Raise,
Standing_Dumbbell_Calf_Raise,vi,,
Standing_Dumbbell_Press,en,Standing Dumbbell Press,
Standing_Dumbbell_Press,vi,,
Standing_Dumbbell_Reverse_Curl,en,Standing Dumbbell Reverse Curl,
Standing_Dumbbell_Reverse_Curl,vi,,
Standing_Dumbbell_Straight-Arm_Front_Delt_Raise_Above_Head,en,Standing Dumbbell Straight-Arm Front Delt Raise Above Head,
Standing_Dumbbell_Straight-Arm_Front_Delt_Raise_Above_Head,vi,,
Standing_Dumbbell_Triceps_Extension,en,Standing Dumbbell Triceps Extension,
Standing_Dumbbell_Triceps_Extension,vi,,
Standing_Dumbbell_Upright_Row,en,Standing Dumbbell Upright Row,
Standing_Dumbbell_Upright_Row,vi,,
Standing_Elevated_Quad_Stretch,en,Standing Elevated Quad Stretch,
Standing_Elevated_Quad_Stretch,vi,,
Standing_Front_Barbell_Raise_Over_Head,en,Standing Front Barbell Raise Over Head,
Standing_Front_Barbell_Raise_Over_Head,vi,,
Standing_Gastrocnemius_Calf_Stretch,en,Standing Gastrocnemius Calf Stretch,
Standing_Gastrocnemius_Calf_Stretch,vi,,
Standing_Hamstring_and_Calf_Stretch,en,Standing Hamstring and Calf Stretch,
Standing_Hamstring_and_Calf_Stretch,vi,,
Standing_Hip_Circles,en,Standing Hip Circles,
Standing_Hip_Circles,vi,,
Standing_Hip_Flexors,en,Standing Hip Flexors,
Standing_Hip_Flexors,vi,,
Standing_Inner-Biceps_Curl,en,Standing Inner-Biceps Curl,
Standing_Inner-Biceps_Curl,vi,,
Standing_Lateral_Stretch,en,Standing Lateral Stretch,
Standing_Lateral_Stretch,vi,,
Standing_Leg_Curl,en,Standing Leg Curl,
Standing_Leg_Curl,vi,,
Standing_Long_Jump,en,Standing Long Jump,
Standing_Long_Jump,vi,,
Standing_Low-Pulley_Deltoid_Raise,en,Standing Low-Pulley Deltoid Raise,
Standing_Low-Pulley_Deltoid_Raise,vi,,
Standing_Low-Pulley_One-Arm_Triceps_Extension,en,Standing Low-Pulley One-Arm Triceps Extension,
Standing_Low-Pulley_One-Arm_Triceps_Extension,vi,,
Standing_Military_Press,en,Standing Military Press,
Standing_Military_Press,vi,,
Standing_Olympic_Plate_Hand_Squeeze,en,Standing Olympic Plate Hand Squeeze,
Standing_Olympic_Plate_Hand_Squeeze,vi,,
Standing_One-Arm_Cable_Curl,en,Standing One-Arm Cable Curl,
Standing_One-Arm_Cable_Curl,vi,,
Standing_One-Arm_Dumbbell_Curl_Over_Incline_Bench,en,Standing One-Arm Dumbbell Curl Over Incline Bench,
Standing_One-Arm_Dumbbell_Curl_Over_Incline_Bench,vi,,
Standing_One-Arm_Dumbbell_Triceps_Extension,en,Standing One-Arm Dumbbell Triceps Extension,
Standing_One-Arm_Dumbbell_Triceps_Extension,vi,,
Standing_Overhead_Barbell_Triceps_Extension,en,Standing Overhead Barbell Triceps Extension,
Standing_Overhead_Barbell_Triceps_Extension,vi,,
Standing_Palm-In_One-Arm_Dumbbell_Press,en,Standing Palm-In One-Arm Dumbbell Press,
Standing_Palm-In_One-Arm_Dumbbell_Press,vi,,
Standing_Palms-In_Dumbbell_Press,en,Standing Palms-In Dumbbell Press,
Standing_Palms-In_Dumbbell_Press,vi,,
Standing_Palms-Up_Barbell_Behind_The_Back_Wrist_Curl,en,Standing Palms-Up Barbell Behind The Back Wrist Curl,
Standing_Palms-Up_Barbell_Behind_The_Back_Wrist_Curl,vi,,
Standing_Pelvic_Tilt,en,Standing Pelvic Tilt,
Standing_Pelvic_Tilt,vi,,
Standing_Rope_Crunch,en,Standing Rope Crunch,
Standing_Rope_Crunch,vi,,
Standing_Soleus_And_Achilles_Stretch,en,Standing Soleus And Achilles Stretch,
Standing_Soleus_And_Achilles_Stretch,vi,,
Standing_Toe_Touches,en,Standing Toe Touches,
Standing_Toe_Touches,vi,,
Standing_Towel_Triceps_Extension,en,Standing Towel Triceps Extension,
Standing_Towel_Triceps_Extension,vi,,
Standing_Two-Arm_Overhead_Throw,en,Standing Two-Arm Overhead Throw,
Standing_Two-Arm_Overhead_Throw,vi,,
Star_Jump,en,Star Jump,
Star_Jump,vi,,
Step-up_with_Knee_Raise,en,Step-up with Knee Raise,
Step-up_with_Knee_Raise,vi,,
Step_Mill,en,Step Mill,
Step_Mill,vi,,
Stiff-Legged_Barbell_Deadlift,en,Stiff-Legged Barbell Deadlift,
Stiff-Legged_Barbell_Deadlift,vi,,
Stiff-Legged_Dumbbell_Deadlift,en,Stiff-Legged Dumbbell Deadlift,
Stiff-Legged_Dumbbell_Deadlift,vi,,
Stiff_Leg_Barbell_Good_Morning,en,Stiff Leg Barbell Good Morning,
Stiff_Leg_Barbell_Good_Morning,vi,,
Stomach_Vacuum,en,Stomach Vacuum,
Stomach_Vacuum,vi,,
Straight-Arm_Dumbbell_Pullover,en,Straight-Arm Dumbbell Pullover,
Straight-Arm_Dumbbell_Pullover,vi,,
Straight-Arm_Pulldown,en,Straight-Arm Pulldown,
Straight-Arm_Pulldown,vi,,
Straight_Bar_Bench_Mid_Rows,en,Straight Bar Bench Mid Rows,
Straight_Bar_Bench_Mid_Rows,vi,,
Straight_Raises_on_Incline_Bench,en,Straight Raises on Incline Bench,
Straight_Raises_on_Incline_Bench,vi,,
Stride_Jump_Crossover,en,Stride Jump Crossover,
Stride_Jump_Crossover,vi,,
Sumo_Deadlift,en,Sumo Deadlift,
Sumo_Deadlift,vi,,
Sumo_Deadlift_with_Bands,en,Sumo Deadlift with Bands,
Sumo_Deadlift_with_Bands,vi,,
Sumo_Deadlift_with_Chains,en,Sumo Deadlift with Chains,
Sumo_Deadlift_with_Chains,vi,,
Superman,en,Superman,
Superman,vi,,
Supine_Chest_Throw,en,Supine Chest Throw,
Supine_Chest_Throw,vi,,
Supine_One-Arm_Overhead_Throw,en,Supine One-Arm Overhead Throw,
Supine_One-Arm_Overhead_Throw,vi,,
Supine_Two-Arm_Overhead_Throw,en,Supine Two-Arm Overhead Throw,
Supine_Two-Arm_Overhead_Throw,vi,,
Suspended_Fallout,en,Suspended Fallout,
Suspended_Fallout,vi,,
Suspended_Push-Up,en,Suspended Push-Up,
Suspended_Push-Up,vi,,
Suspended_Reverse_Crunch,en,Suspended Reverse Crunch,
Suspended_Reverse_Crunch,vi,,
Suspended_Row,en,Suspended Row,
Suspended_Row,vi,,
Suspended_Split_Squat,en,Suspended Split Squat,
Suspended_Split_Squat,vi,,
Svend_Press,en,Svend Press,
Svend_Press,vi,,
T-Bar_Row_with_Handle,en,T-Bar Row with Handle,
T-Bar_Row_with_Handle,vi,,
Tate_Press,en,Tate Press,
Tate_Press,vi,,
The_Straddle,en,The Straddle,
The_Straddle,vi,,
Thigh_Abductor,en,Thigh Abductor,
Thigh_Abductor,vi,,
Thigh_Adductor,en,Thigh Adductor,
Thigh_Adductor,vi,,
Tire_Flip,en,Tire Flip,
Tire_Flip,vi,,
Toe_Touchers,en,Toe Touchers,
Toe_Touchers,vi,,
Torso_Rotation,en,Torso Rotation,
Torso_Rotation,vi,,
Trail_Running_Walking,en,Trail Running/Walking,
Trail_Running_Walking,vi,,
Trap_Bar_Deadlift,en,Trap Bar Deadlift,
Trap_Bar_Deadlift,vi,,
Tricep_Dumbbell_Kickback,en,Tricep Dumbbell Kickback,
Tricep_Dumbbell_Kickback,vi,,
Tricep_Side_Stretch,en,Tricep Side Stretch,
Tricep_Side_Stretch,vi,,
Triceps_Overhead_Extension_with_Rope,en,Triceps Overhead Extension with Rope,
Triceps_Overhead_Extension_with_Rope,vi,,
Triceps_Pushdown,en,Triceps Pushdown,
Triceps_Pushdown,vi,,
Triceps_Pushdown_-_Rope_Attachment,en,Triceps Pushdown - Rope Attachment,
Triceps_Pushdown_-_Rope_Attachment,vi,,
Triceps_Pushdown_-_V-Bar_Attachment,en,Triceps Pushdown - V-Bar Attachment,
Triceps_Pushdown_-_V-Bar_Attachment,vi,,
Triceps_Stretch,en,Triceps Stretch,
Triceps_Stretch,vi,,
Tuck_Crunch,en,Tuck Crunch,
Tuck_Crunch,vi,,
Two-Arm_Dumbbell_Preacher_Curl,en,Two-Arm Dumbbell Preacher Curl,
Two-Arm_Dumbbell_Preacher_Curl,vi,,
Two-Arm_Kettlebell_Clean,en,Two-Arm Kettlebell Clean,
Two-Arm_Kettlebell_Clean,vi,,
Two-Arm_Kettlebell_Jerk,en,Two-Arm Kettlebell Jerk,
Two-Arm_Kettlebell_Jerk,vi,,
Two-Arm_Kettlebell_Military_Press,en,Two-Arm Kettlebell Military Press,
Two-Arm_Kettlebell_Military_Press,vi,,
Two-Arm_Kettlebell_Row,en,Two-Arm Kettlebell Row,
Two-Arm_Kettlebell_Row,vi,,
Underhand_Cable_Pulldowns,en,Underhand Cable Pulldowns,
Underhand_Cable_Pulldowns,vi,,
Upper_Back-Leg_Grab,en,Upper Back-Leg Grab,
Upper_Back-Leg_Grab,vi,,
Upper_Back_Stretch,en,Upper Back Stretch,
Upper_Back_Stretch,vi,,
Upright_Barbell_Row,en,Upright Barbell Row,
Upright_Barbell_Row,vi,,
Upright_Cable_Row,en,Upright Cable Row,
Upright_Cable_Row,vi,,
Upright_Row_-_With_Bands,en,Upright Row - With Bands,
Upright_Row_-_With_Bands,vi,,
Upward_Stretch,en,Upward Stretch,
Upward_Stretch,vi,,
V-Bar_Pulldown,en,V-Bar Pulldown,
V-Bar_Pulldown,vi,,
V-Bar_Pullup,en,V-Bar Pullup,
V-Bar_Pullup,vi,,
Vertical_Swing,en,Vertical Swing,
Vertical_Swing,vi,,
Walking_Treadmill,en,"Walking, Treadmill",
Walking_Treadmill,vi,,
Weighted_Ball_Hyperextension,en,Weighted Ball Hyperextension,
Weighted_Ball_Hyperextension,vi,,
Weighted_Ball_Side_Bend,en,Weighted Ball Side Bend,
Weighted_Ball_Side_Bend,vi,,
Weighted_Bench_Dip,en,Weighted Bench Dip,
Weighted_Bench_Dip,vi,,
Weighted_Crunches,en,Weighted Crunches,
Weighted_Crunches,vi,,
Weighted_Jump_Squat,en,Weighted Jump Squat,
Weighted_Jump_Squat,vi,,
Weighted_Pull_Ups,en,Weighted Pull Ups,
Weighted_Pull_Ups,vi,,
Weighted_Sissy_Squat,en,Weighted Sissy Squat,
Weighted_Sissy_Squat,vi,,
Weighted_Sit-Ups_-_With_Bands,en,Weighted Sit-Ups - With Bands,
Weighted_Sit-Ups_-_With_Bands,vi,,
Weighted_Squat,en,Weighted Squat,
Weighted_Squat,vi,,
Wide-Grip_Barbell_Bench_Press,en,Wide-Grip Barbell Bench Press,
Wide-Grip_Barbell_Bench_Press,vi,,
Wide-Grip_Decline_Barbell_Bench_Press,en,Wide-Grip Decline Barbell Bench Press,
Wide-Grip_Decline_Barbell_Bench_Press,vi,,
Wide-Grip_Decline_Barbell_Pullover,en,Wide-Grip Decline Barbell Pullover,
Wide-Grip_Decline_Barbell_Pullover,vi,,
Wide-Grip_Lat_Pulldown,en,Wide-Grip Lat Pulldown,
Wide-Grip_Lat_Pulldown,vi,,
Wide-Grip_Pulldown_Behind_The_Neck,en,Wide-Grip Pulldown Behind The Neck,
Wide-Grip_Pulldown_Behind_The_Neck,vi,,
Wide-Grip_Rear_Pull-Up,en,Wide-Grip Rear Pull-Up,
Wide-Grip_Rear_Pull-Up,vi,,
Wide-Grip_Standing_Barbell_Curl,en,Wide-Grip Standing Barbell Curl,
Wide-Grip_Standing_Barbell_Curl,vi,,
Wide_Stance_Barbell_Squat,en,Wide Stance Barbell Squat,
Wide_Stance_Barbell_Squat,vi,,
Wide_Stance_Stiff_Legs,en,Wide Stance Stiff Legs,
Wide_Stance_Stiff_Legs,vi,,
Wind_Sprints,en,Wind Sprints,
Wind_Sprints,vi,,
Windmills,en,Windmills,
Windmills,vi,,
Worlds_Greatest_Stretch,en,World's Greatest Stretch,
Worlds_Greatest_Stretch,vi,,
Wrist_Circles,en,Wrist Circles,
Wrist_Circles,vi,,
Wrist_Roller,en,Wrist Roller,
Wrist_Roller,vi,,
Wrist_Rotations_with_Straight_Bar,en,Wrist Rotations with Straight Bar,
Wrist_Rotations_with_Straight_Bar,vi,,
Yoke_Walk,en,Yoke Walk,
Yoke_Walk,vi,,
Zercher_Squats,en,Zercher Squats,
Zercher_Squats,vi,,
Zottman_Curl,en,Zottman Curl,
Zottman_Curl,vi,,
Zottman_Preacher_Curl,en,Zottman Preacher Curl,
Zottman_Preacher_Curl,vi,,
